0.57846520577910743,0.52129513341278677,0.13669898276515347,0.22169589872737019,0.50566670784313683
0.78068297638377415,0.3636910962602829,0.93724027973858282,0.10564241842326773,0.94265304549605966
0.55231172169122411,0.75368679459984123,0.029824933799515244,0.92928929311855235,0.6093119051915703
0.88302768343933302,0.94753628959320535,0.33220756496294024,0.15358308195121867,0.10060574807145564
0.62068120050467301,0.76327946317547191,0.61136870944658017,0.80230739281298658,0.41419232813745011
0.41823105123174903,0.20686835631427047,0.83619866949520782,0.7178958375599831,0.41933595302334947
0.69791592691361648,0.12442887337467944,0.64923489230766052,0.25648046768719868,0.55451417940635428
0.15372286612030303,0.48969418279945953,0.77469641738876105,0.28680586989254958,0.60733859036934268
0.62816766413281422,0.57692452048246878,0.6527155810501355,0.042448322565086724,0.48821717606950915
0.55814229521807046,0.060146843903600672,0.58606955419565043,0.75909950142739924,0.53641254271860905
0.37583118182288938,0.18592541423043704,0.72029975432745463,0.39207968809121913,0.3646458861126311
0.54224751171521124,0.7074246466682399,0.95218362435823078,0.17591732935063761,0.62865028821168678
0.092999112473617487,0.92047300277355637,0.62776044365434092,0.69803383440573374,0.29166762802097074
0.67337422011477532,0.11227556938410846,0.253667422070534,0.75232738905134522,0.61387212976199379
0.54358988280580689,0.75406841274071301,0.8621880284887844,0.066867998532176676,0.20685971862425923
0.32014230305395208,0.076994552485468229,0.54551153490813542,0.85515151623524366,0.5229344817987257
0.46234243036484463,0.57949957752868664,0.78936571408732914,0.047022315307394535,0.43623269734323933
0.16731618177294549,0.33502892951897528,0.25738109915527485,0.51093712325043383,0.54250427564961634
0.43315263401599535,0.51217966247718727,0.055075293234731287,0.65733527854306684,0.59498170928159777
0.62006414409490873,0.80566979248214954,0.35378557954692574,0.47219983864044923,0.28207105677867889
0.4001673503475186,0.22541607643500181,0.51582298444272268,0.51874448907423232,0.6063424490895043
0.077156623368872482,0.40838262126040697,0.44625824323215613,0.025183372209432165,0.44775609516884141
0.92103186625265654,0.77345988871827853,0.59504825345854151,0.25993495574691949,0.61147847150064838
0.70116448073019355,0.35101132496202037,0.6629327340037795,0.55016809054074711,0.26614660743007673
0.29470377778789725,0.49260198644779718,0.50775174807770029,0.1641774317380334,0.74483872896606262
0.96321959374223853,0.46013045402564595,0.89952542249039014,0.13628456919682699,0.13048936105636802
0.3829663658572991,0.10084289396180011,0.74556938453734678,0.22689721057566639,0.56747105394062525
0.95910597946945342,0.51514139095643463,0.78476130887329643,0.56280086791168138,0.23332715238352064
0.13483004819632818,0.77182075187369992,0.17139614078024193,0.73558125359005344,0.54489661221968566
0.74331848721840987,0.25353968138071414,0.51814149638829787,0.39609068308194934,0.73154616926455873
0.62501798119936003,0.92117612642470226,0.84815722206157129,0.69316333539153185,0.31571486455299264
0.87284008786309986,0.87663853504637168,0.23932122202545009,0.23181510328518981,0.44035832021115218
0.90645071598800253,0.47113808436423021,0.80507966133784437,0.020508034631785677,0.74841069586923903
0.35639215051786738,0.58611912429728097,0.93229474269052592,0.51166296164058789,0.49281238113715031
0.93534549970578307,0.58202607334311829,0.34409540331803301,0.57615718708222563,0.055449081358619381
0.86575500533134142,0.58744881582713104,0.73786104299144717,0.90076770351994861,0.57799916071753432
0.92040425186164243,0.81030006487856354,0.21166372180569334,0.23742630450619007,0.68354768066637761
0.077283133004138763,0.17569440476421919,0.40210416385900227,0.59018289830841419,0.56748210236685903
0.75601126813073172,0.31691094801864167,0.27481635611270239,0.64489606141321065,0.8095966495244552
0.46090772009522096,0.9623849326976458,0.55640247313297042,0.69567900304078112,0.54187765756620765
0.97938853873940557,0.24568684108104924,0.88676643171768188,0.43124497494350211,0.9328744313957037
0.35250933127972167,0.69887063343651512,0.73210901159081798,0.90854179740884911,0.39665440526229157
0.14012747266103548,0.86763900616579803,0.30031627874149286,0.78376065488471058,0.32757458742958401
0.77194714225767591,0.63058046493101605,0.30834068836385958,0.37038514578267118,0.3222554980138021
0.067186596746469499,0.12469807160649438,0.97461065998383745,0.87041950025186787,0.05320736400836637
0.46272449225385526,0.50083808027902299,0.45085944737651995,0.62796804677414941,0.42711639502610133
0.524752765963719,0.9317229803744228,0.1085280871451851,0.41778837790006895,0.48665688795069767
0.54452115333119611,0.32499946212200681,0.69126180068807552,0.73886389927206864,0.68590474570877691
0.17378456555298752,0.036181259106248337,0.78315255425062802,0.71499724577361756,0.19973269562816631
0.02991757032189369,0.80677850000543039,0.17358040575437986,0.28376426563843893,0.57410857764903811
0.043556091717098441,0.26311179030041731,0.18461290844708075,0.15758195829129024,0.29140065811703031
0.94787326152323437,0.19466714092015786,0.66893566358205747,0.86254064296330479,0.70095378318493551
0.047509621382867198,0.43813062563691824,0.75835377788112257,0.76420051363134212,0.12737733922706118
0.62862654417231834,0.46129639259827421,0.075190742318569578,0.75244409644908938,0.047684808801342023
0.89885661859197397,0.41265562618123275,0.62905632187198757,0.077277841104689035,0.20287191899124449
0.61882825582078038,0.72666681772044572,0.14100051649796699,0.055663360200741113,0.16657105276655165
0.45202657005073449,0.27358148960450396,0.3226110022020649,0.95105385458013192,0.6805180808835003
0.43103392164937643,0.63873043323207213,0.31159409806154498,0.58554191206178352,0.41315645379580052
0.85477211597955416,0.40706408064371863,0.31404581977845408,0.44819913673952877,0.73603475932593299
0.44211960897248864,0.22245377036203265,0.56332923134615676,0.647464896254897,0.64954106267754042
0.31867971520499855,0.18321609277061468,0.16781197076697285,0.71998678069196631,0.23177616056873473
0.7815395507327163,0.79561745030904263,0.63059266471763609,0.1557618051482203,0.92661142547625441
0.52800890768548481,0.85183566774323938,0.47668004928031654,0.62428451820203212,0.63587733876475327
0.24651772255736756,0.70034167111001178,0.62734807375748647,0.16971788158359949,0.79116175980717873
0.45244642441670152,0.08818105064628888,0.43945657415820882,0.48067681495275322,0.18504222958788608
0.3314002427041407,0.24942861881197542,0.88431822025204021,0.60506658643208167,0.92198296256787282
0.43583567566679471,0.44517518927322181,0.84025692978271216,0.54369187741285818,0.70700995655890064
0.856940517915453,0.039364565313887885,0.89983405162173169,0.11501526181528071,0.34716288270987822
0.49619421675048664,0.043791566631825311,0.23593630815362013,0.77094378018936605,0.16711999811281997
0.94187774438880667,0.13576212976075744,0.36363423028252156,0.11520515329749483,0.14455193467374655
0.91898783557941865,0.86068750322789322,0.70295187390011127,0.45734197494145579,0.024621016483816691
0.79550019574385566,0.62397740412820824,0.11974811159182561,0.4732249147657635,0.97875762251538811
0.72727413288762821,0.85989760333920295,0.073497168464281407,0.74474164327716341,0.40956689445511563
0.61042945177774222,0.84479303146938278,0.2557665288358108,0.92854177093952595,0.32712967879278276
0.41324301356480209,0.67897889094118247,0.64459951035191765,0.93386658703674719,0.33388374503879964
0.11205315976107461,0.28099898841672366,0.18943613045407426,0.20703264587354697,0.33501080291453827
0.97443813673842183,0.69441180164739591,0.37745226719849601,0.37296775754122669,0.49042475176112593
0.18515548399614121,0.123614597644142,0.48684101803073032,0.15653589440550209,0.13409733250682276
0.13476197438827867,0.90971669303939573,0.47447033313116205,0.89940309200280388,0.78406407396382793
0.18454884588789988,0.54161618372554166,0.51099336740996348,0.89722629846300539,0.67632379483470106
0.87668871364732526,0.63518549137995439,0.28496953139862252,0.074608442737335703,0.85616245017939119
0.69018165928761077,0.59891599734338219,0.94714459720076694,0.71984589631283136,0.8863541361722167
0.33616715779198914,0.24883526981453577,0.065557415834854707,0.11489898230956676,0.65185026002900259
0.49188602728493203,0.66991308441902864,0.17023312105077565,0.5507459914979399,0.5415908572015925
0.37727079005024183,0.050856012419667494,0.42434275837846103,0.45803956750350028,0.90376427948003735
0.50942193708289729,0.27393060813955022,0.96186912218122234,0.7742939294441642,0.8403262047151836
0.41943059583292103,0.63900287608786288,0.95012718888152392,0.55290825282739087,0.17857805017682371
0.55660378296211954,0.52804692147047627,0.14580333435019471,0.15848747597489651,0.55015357877487459
0.94081579675683247,0.23822030650981391,0.62278776070614594,0.44649125111300308,0.33751126218122696
0.61865201736877917,0.7156711712817817,0.63794158622955888,0.5801122030370427,0.5382512845235744
0.55916830454021516,0.083097482774136686,0.9373571318362397,0.57007476160063508,0.11276177264046083
0.63861778275298697,0.51531692649046124,0.71265998854421508,0.92669651579425538,0.63705420352254083
0.66435974189009939,0.7385784367145114,0.86967868460651798,0.57583878968467184,0.86828547579933824
0.20514515557891225,0.21773938361885231,0.89540667633291904,0.14552177739881139,0.87460585396900969
0.13087835047803484,0.65299551428865865,0.11941777175078787,0.41639651808708289,0.39256124290020944
0.29633796925436412,0.71710299129467348,0.77773486252025481,0.43190188529603107,0.7515012283262561
0.43665051426129176,0.50379335704068318,0.78103686582431575,0.26003401905003865,0.2567220650351088
0.76574547395463965,0.46652351517140611,0.20782379517798868,0.33824769060661014,0.34979379812119971
0.5671410948326332,0.17356482286069072,0.77628859240270698,0.80514969601495789,0.2125955965220972
0.021227410434630195,0.87249747680088985,0.41087323566817618,0.95081576103765719,0.68810828961280635
0.32005366021505666,0.83357674910340296,0.045977827176954339,0.12488508569882172,0.30705854090193946
0.35800978631182445,0.83058655954082794,0.27991437973710187,0.053919356192106804,0.42060855279277454
0.07675094284675392,0.065243987723224248,0.1351824663665194,0.47662239686448105,0.68070506936328268
0.63722187848804235,0.59308840647385064,0.92694816209096642,0.47114388930224804,0.43059775102495307
0.35415233806436919,0.37446327145334252,0.75362403559447688,0.16761034307619618,0.74051749401040168
0.9400454378138452,0.35161296345736415,0.7049706844228999,0.76620590349698825,0.34559373941519
0.74029412215101875,0.47438680507069003,0.26931503015534852,0.05260418943581914,0.6379695704320969
0.56853675788805536,0.050416920631394649,0.8334248430108695,0.7045686101610823,0.50687579680810013
0.8611954569106498,0.34020171125390952,0.8723918011675762,0.87634449800944159,0.79027358351303212
0.54794123364681013,0.2107005598217197,0.19602238426532972,0.77220914417846331,0.65256791590388508
0.21246311919907959,0.35678209714481246,0.32894992237462495,0.79701020612305573,0.61046333525622887
0.27516169769149756,0.57184405570148233,0.27237962690671735,0.39108564645091676,0.025156694179417086
0.54123734831175174,0.66759823412680241,0.59260008086181026,0.76897978475729678,0.41274334494060783
0.67934257722926572,0.18129073805923585,0.82576148159065632,0.93880427088516716,0.58166571938748346
0.069280383871512391,0.63991108400108077,0.66010125872199088,0.43169488293812219,0.71870582402666638
0.49559616036141302,0.62927093669044465,0.64185547006668409,0.51891092802075278,0.97333230374284585
0.31869295959410315,0.22326090576949253,0.83977164983272545,0.45797678735543451,0.49707271944347015
0.66284918851749819,0.59154259409010779,0.35081951978055431,0.58346057429823206,0.10494778593841965
0.33369618380316968,0.6253930731846371,0.31364934315331172,0.84657926179695675,0.18566775391551291
0.23634964399994418,0.45754160015462292,0.23264531578453043,0.2643568284223532,0.27296563403806973
0.96043800923527933,0.48065468047619597,0.74573506334833295,0.76128582385363852,0.061778476842644675
0.3781230183320004,0.25468628678222099,0.94868712631662722,0.39159677975287044,0.7663286469439512
0.089399352628026035,0.44405004374317103,0.75033316261770888,0.57506237513825909,0.93942637590321254
0.85277959072362486,0.48557862387929535,0.85176178867025809,0.44288755834002563,0.45237838818520809
0.57280362036051302,0.23653481451985689,0.23525697653851724,0.16890144174308516,0.52359138690848872
0.040096642580348313,0.57236012461140839,0.95728026138159605,0.27480290925171952,0.96671892601859388
0.57955343638499268,0.59854340605348089,0.32533633362063802,0.25836172429355192,0.17750049298071457
0.76710542239993729,0.84043849412506433,0.29186897725938143,0.36186971436404003,0.81327689567272499
0.037020173672358964,0.79534048207971408,0.24720696561801073,0.21827377676306703,0.16101518555575361
0.4918535262615753,0.71548771903846775,0.93818862868913699,0.87387551451175316,0.83615628304139111
0.45312730990942579,0.22900064467174749,0.83316012735154377,0.61778622026676311,0.94208247061513983
0.24416163750498496,0.2426854864038327,0.5708685217417615,0.85905213573355921,0.031406337419535253
0.60762749665458349,0.46065362367891305,0.02738018764247176,0.11607307235141441,0.57015521433996319
0.053697556770661833,0.46760523369237256,0.43565038175258425,0.34685995801746766,0.14518584096829532
0.78032792597232048,0.6833015996258528,0.78520888241737807,0.71084794140283214,0.62740128924633731
0.17672616484890111,0.22581237193434417,0.87675194715292548,0.57642548112155156,0.81364637616028901
0.75106409490172665,0.25642327149122801,0.11160992328985792,0.054734293997674363,0.1107120342845159
0.77019922045165168,0.5687023831237048,0.25989169043236676,0.90086513890784692,0.91765367059080349
0.26817885922346701,0.25576402299731316,0.87113469226013074,0.42672687420930588,0.11160645457454134
0.92699876192596897,0.33297117960605316,0.91483631082877459,0.54952273774831684,0.9296851607057337
0.3617923104783633,0.82954145215981889,0.50661704868986301,0.31803073631569828,0.13760352330191214
0.71225094756356422,0.75075545384280507,0.49467439915802464,0.16836354641255286,0.46542586506892603
0.82253508458196223,0.02610838685581399,0.27894253116733347,0.027887387105686445,0.24068882469196173
0.31580132676160627,0.59265896199915247,0.79788457063123963,0.9755809899915624,0.81619681036070124
0.55215588511554325,0.51591047737035489,0.4605090791501617,0.92583856264316733,0.91699243578027545
0.34862251028685148,0.34883229078236344,0.42237267314732607,0.10753120286684237,0.56532846855573149
0.89968903062599115,0.14613059722002567,0.56324253532350477,0.27244243443772498,0.47547631479424057
0.92580346427337867,0.84404830481916915,0.10961594449313874,0.28606502891916058,0.13519081505188366
0.67267284636619096,0.53948641321767754,0.87802947115462471,0.39530880092335291,0.8388166135027082
0.55378601399289906,0.2972542061610553,0.40777523059090198,0.5010545419414707,0.94816819804075569
0.60320424363152136,0.1952995871207249,0.12896655591686423,0.87547400734627356,0.87016872886392749
0.64320499725043168,0.81436385225493813,0.14135214661518869,0.5823208267610428,0.86609085333443814
0.66391928838015013,0.37904364310794447,0.82170710267159142,0.48608643283715486,0.73165815043054117
0.73838647617173458,0.75226946981231091,0.56062904403192559,0.62542699896622211,0.56259067725735767
0.91075098325731618,0.48258696163248588,0.69516720322030834,0.8211526455446394,0.91659289944907352
0.32507513595144433,0.63616670909494222,0.97551372241099177,0.85360089655954585,0.45219648677397717
0.62685538374038463,0.036154137169565885,0.41468322143112063,0.22485522053190476,0.52067092315196517
0.17269836680323697,0.34885816959478916,0.59812853635961605,0.88369060857175041,0.024740353921854315
0.095272880403859977,0.29340004914272255,0.14113090895137986,0.23890032111304024,0.22394663510175808
0.079767621074668213,0.13330013598611859,0.25935083428497724,0.78009925596682861,0.57648800208170603
0.28714408790828627,0.90969003268055826,0.47544620094385431,0.091904920409548119,0.52450275819510006
0.034978928890684921,0.95842355528211964,0.88717955195509846,0.94133169338443501,0.84564693528918888
0.28216869903014669,0.1531445335879936,0.25696490256651267,0.065351059115447613,0.96853588127710555
0.77212538266778841,0.61559968727664705,0.1412534422759035,0.11495882600665969,0.59810505893369093
0.19978778269164871,0.045960958320302753,0.40610638603463234,0.41073873404640476,0.14040568122770733
0.9220720039596676,0.040190929994945959,0.6988619044420421,0.38029279974632102,0.61496288162780222
0.3898543110060686,0.29431059208123111,0.032495432173177644,0.85253898548721674,0.50633374868041914
0.89079181419012543,0.4453304192653576,0.64387573623973682,0.93043864854307334,0.20161655611882665
0.51640073573292578,0.77213884017766488,0.14436294336405561,0.79225950767937692,0.91344760035074868
0.44572424998301857,0.81999460621557863,0.49165187881376132,0.90940449653212829,0.69863342825034436
0.48994464678133259,0.71586105164509439,0.28364386312527912,0.26795103999747377,0.36749620893517515
0.82542669078325503,0.46960987187697095,0.15389135788003008,0.94956429942884857,0.30235917212358698
0.64780852163445823,0.62740776164599288,0.82469957301459218,0.7800040056125338,0.084449513218263703
0.68415673678149391,0.44796249780662878,0.88546671053300208,0.40704134851004209,0.25290097528912953
0.63401953538377109,0.47217401150057109,0.34608003973466722,0.35793048285011081,0.25939344397483544
0.73689830922886057,0.18154091964053942,0.74990515878233088,0.35844914842180109,0.32449592531623056
0.34070294048760963,0.97411406456273042,0.81571026638546795,0.62966475029318236,0.90038953728292803
0.63682770498081243,0.19457695941951733,0.19241374913230241,0.47136455708272629,0.2853920496293253
0.28833503130002652,0.48660386814175832,0.51796562959970316,0.28724889581564289,0.3188449077632049
0.54671848038218662,0.36331963177399379,0.77806434229069055,0.81484238656138519,0.88524886784513013
0.46227693134078257,0.63272462396784723,0.39448195565209998,0.83907219232466579,0.21079514918904194
0.57285634053013512,0.33551765494200647,0.54748836337175188,0.31599113898654763,0.56391585009660261
0.95733026859191539,0.19661622817096894,0.6451134509546802,0.55847761942249852,0.25122927783243121
0.61935453857106848,0.40468015555600884,0.27525981269739991,0.48303686968746384,0.48672778194286809
0.72345937783702585,0.55537173947616192,0.83266165538238079,0.47737923150825418,0.23969508051880095
0.022612549322711537,0.80952653988612522,0.59476615431527924,0.56816004114224339,0.54890627983124751
0.62233866305008723,0.5013333264432821,0.032856507869159973,0.74572363725987678,0.4103180540110935
0.90149013255835631,0.11509474377884583,0.85814474314002442,0.2622403410122825,0.59190329169661826
0.78624247964666827,0.69875126179229718,0.72150367485149591,0.56786166056931497,0.36490061584824546
0.89218344263012361,0.15935059625274231,0.65396608550348911,0.93797048712231579,0.39345986876845834
0.31753849973079407,0.72921738660234503,0.93856120949234012,0.34820768625519705,0.8793492426974534
0.1247203469808647,0.56804083533781191,0.80319617578070956,0.53955121532721118,0.5873796382253218
0.21452205460704657,0.80102364848085883,0.16847511268279738,0.30573623978331388,0.077277246232815663
0.54936570859108946,0.4649879908811419,0.51652884224383044,0.52759932978403268,0.417533205847049
0.22908643124082942,0.80838057750005765,0.12763659961825893,0.16691511063734366,0.17498705428646866
0.39968047867168105,0.44478394463643678,0.69524306960475291,0.74232949597946496,0.82234449464629
0.76573486445277328,0.30788990811365635,0.88682752254567643,0.59776542026605561,0.12665155932400016
0.94308523419257984,0.75182416517118944,0.33735783820164561,0.42821213531509073,0.91253531534172116
0.036972322694862003,0.44986264351139388,0.57953788766178127,0.28868230316501114,0.18547526641797618
0.57549639057156421,0.22946557124469913,0.70633748092843829,0.73972452829645463,0.6972953954142026
0.81923811224918386,0.31057368349242054,0.64969309685148413,0.52853350529632726,0.67283617990854527
0.3891739168214039,0.89982701639854934,0.18246328122298011,0.36973039659384321,0.61564591454282003
0.76935749220661132,0.35994103793637111,0.39425088691356119,0.53528380026379974,0.7229572999852214
0.97229860420814107,0.42798930326219264,0.048924388950749138,0.86401605433020479,0.70967835248099087
0.8776944241361202,0.10705424439257033,0.84465459042154489,0.42960708415314719,0.60554082816856725
0.74043634951336046,0.18384080133651964,0.72068351655395302,0.80648379288686334,0.40465489346545641
0.58601893867930821,0.96980157003636891,0.55140147584755161,0.5660574081147266,0.76450644542168122
0.62644214620411431,0.80857467872324351,0.9523024317534089,0.65119016985566458,0.16718934889412418
0.97602267126347575,0.054261634921299443,0.72346501936460827,0.06036249576512788,0.51656492966678202
0.84959052938362811,0.48266519798044322,0.9152647381525395,0.25992341571208383,0.55232771519489354
0.94744593926451159,0.1679110075736566,0.77842417936312147,0.57177109254112357,0.36601284723832178
0.75582907533477639,0.45673208566922535,0.64438709508502556,0.80277424366230032,0.54109559085612213
0.70958126594009929,0.030441969106291003,0.60610585602943956,0.56610960010909006,0.74320102502565411
0.25188053765014146,0.16202904365367737,0.24052584453989329,0.38601126704246425,0.57335012589795675
0.94331707585069491,0.7428808852589085,0.1561304043854953,0.20007165872909005,0.34299333975030111
0.97226153603793197,0.18283098201738462,0.56801007230289813,0.75100588261189305,0.80326854213024079
0.18256296033959937,0.95729624320194884,0.71675063897077229,0.32940322803265065,0.59882999597016684
0.23377842430689538,0.059103365338954855,0.18280932481218731,0.57098216534217749,0.83861059754345668
0.026510670043162571,0.66982766712424247,0.021422837980441613,0.97235149722764436,0.31615900459609564
0.83925134263204071,0.10463331032435036,0.6132302059567053,0.12238955570557859,0.74902298726040284
0.27543547336040575,0.56017257935990583,0.59257174886819575,0.24311083038417766,0.44598406537598634
0.63614500679316532,0.33621265551858753,0.73651937797622691,0.2347503497309171,0.78221700303730168
0.74627086204897408,0.71739730237562527,0.1049619387234942,0.82732746241592203,0.80843175201630646
0.83366144884158133,0.33794895001384778,0.50619476903052307,0.65642614877307404,0.77357600079248301
0.46166676620322028,0.11714971772731882,0.54843648295505076,0.55126824960941156,0.75014612487815335
0.2170532504167893,0.92560129950672854,0.97325730730016013,0.68922448846481887,0.52868791514506563
0.12574294822376458,0.028749299539316979,0.76186512546360519,0.59873399036902775,0.16335417745891881
0.48757502897556859,0.1444482362631278,0.18748526821888048,0.52419981579450881,0.9073282297626275
0.55107233131559963,0.15529279649510291,0.95806284252323781,0.091040169203312232,0.83327266999812288
0.5489356459599426,0.061021365717469814,0.79435560205702249,0.31886305987816388,0.20535375542539147
0.18924199794503826,0.18448965095548395,0.22428093014166431,0.92747483676975584,0.38269321464428185
0.37015789995787218,0.92994539138328491,0.42876657757073877,0.81981462335397304,0.71800683906987883
0.82152694925844638,0.64167014217925666,0.11366418025581776,0.30972541598978981,0.84802677272689664
0.88192133047054211,0.29038141488766639,0.61348699504551463,0.94109309191542767,0.73122797596678302
0.84942633696558689,0.46626425948326733,0.1181349841914129,0.91373377669026423,0.49016666257467639
0.62300982509739644,0.62890803268592277,0.52643268158156742,0.34288136913206418,0.87891742434293285
0.76293148594814741,0.61418213016159928,0.77023360811546826,0.24057047133348436,0.47505684209409343
0.3255975432460374,0.76551835848642547,0.72557771206091337,0.56152389161109073,0.42795446061047626
0.60356982737289511,0.28618525216734159,0.82995626489303254,0.057731621627928428,0.63409108874109199
0.22073831468670657,0.25882483633669096,0.57368268941077427,0.84219624121565073,0.78450847149956682
0.97528271450676951,0.5333904898878572,0.25176087939459935,0.23125137516533789,0.39011165389095837
0.027448751736652,0.50342652538420185,0.6114579632411099,0.64462739318235629,0.77242290536084124
0.34030717830091067,0.55491660152272071,0.91252849078702902,0.57839860985946734,0.7783805092444781
0.23988187175474096,0.22330244336474009,0.067966055547065279,0.85447437047878416,0.83417051469815284
0.58488379713733785,0.42535201505470932,0.66418280137689567,0.023286895527765701,0.73815113630788176
0.51296730520921974,0.7665070336526788,0.78209628634257033,0.1524316645957205,0.4941542614902375
0.3426106138890419,0.9214206081829841,0.46258700800870606,0.51792241458796107,0.113368465043535
0.097851426381824785,0.56016348770375013,0.23036151323209109,0.8995700594476238,0.82270740606712789
0.82390593906311416,0.22133799522136821,0.86078483233804315,0.5373614173468394,0.32221310404618048
0.97191641860553246,0.068466866417390901,0.13413233672368075,0.83168843765545986,0.24405405518936296
0.65088504521025559,0.56099513122432099,0.14352750128404301,0.085891350401212457,0.91162980070685196
0.41990017488513193,0.29581500314551673,0.61710043797316094,0.65407955952188102,0.115639362994973
0.57926473520577082,0.72585218135545548,0.78109389281626118,0.27215696626415786,0.35130396731716884
0.53837992731934625,0.20079733332532276,0.18433223002993482,0.88062916974481331,0.39835723698238495
0.70461917254623296,0.27637600006172147,0.48775828929787962,0.46859807964475897,0.33854037235280432
0.26836270523956335,0.02369631633270192,0.77145981281839804,0.16892168175791622,0.20160398386620643
0.35872893149091795,0.62886473080554661,0.13822035269086888,0.24179703904550445,0.23894790524322881
0.36284237891372406,0.4538435611342293,0.3396420665008783,0.27953519516721631,0.85206996885351272
0.1427347171574232,0.34643775172873287,0.74288417787992922,0.49519063393285095,0.2958770061467057
0.17613275554299976,0.48998638675422151,0.73867470101016908,0.93947897006647263,0.46919281818413477
0.61228923124431989,0.63265066409099735,0.13828506825882053,0.81978165561914118,0.94065076780511248
0.95635588245212011,0.83327074833884129,0.53880179149140972,0.16370420239715727,0.076552854365950149
0.28772203492493842,0.96036394055851926,0.41915191702079663,0.74279437345058974,0.8560356701416223
0.7618096789967842,0.64622284591312551,0.08296578366490423,0.14765249467827907,0.53868679827475507
0.33753992795205684,0.21248610630396092,0.57089535095862287,0.48322044796072383,0.53073570314962237
0.46089495194231023,0.74590927938618345,0.098747164492441114,0.055253176092862122,0.46668743793047174
0.41037382578219028,0.48212390606332972,0.71883865375797096,0.72642324140663694,0.73396680131270187
0.47056614974665267,0.04914341831378756,0.72520835669945538,0.60636938053826528,0.43961300211406812
0.81359054662682762,0.18012254983925963,0.95240243041082251,0.68628782836295898,0.56564717233071826
0.023511508515783569,0.58455288169988218,0.338660803461383,0.50232516231345004,0.66861966373999859
0.66185695503832687,0.80662111839744444,0.68597102109614361,0.78049166002497394,0.66097424493589962
0.50609718286851191,0.031864858732416186,0.29248303034312623,0.79099450774960811,0.3947726593478062
0.22416919295144763,0.41704538222969217,0.2788473546469159,0.84777305690213745,0.229997887282538
0.61040577501855664,0.43228199344439211,0.32754343329091617,0.34262918150521515,0.71862029710439901
0.60942393008704832,0.46007368575553931,0.19670056071492698,0.74759140433974713,0.71128848118185439
0.052414866703833385,0.7683837248368669,0.27596303368207248,0.37734502761603511,0.13360258843221892
0.11048408344816026,0.61800602954513562,0.32676282911621474,0.055407363336766977,0.16015797632756612
0.45374618111680887,0.34324869100926547,0.63421310415277821,0.3537100146999469,0.16836943796536774
0.83702672942527134,0.23771536021969714,0.06308418828983868,0.30380494098313043,0.4205848346753549
0.40916245238512117,0.046023272531158843,0.53266277896474434,0.54870230171743029,0.69076380376470203
0.17543841962899603,0.51214304103048669,0.93826076361082433,0.11592377106665296,0.59662287052637319
0.85723535036428278,0.9578231075328989,0.94891943041334137,0.26954840798712193,0.40575323894628101
0.37512581407485879,0.60344067136080104,0.69085310970463831,0.56380684287970706,0.5679288616501742
0.71261445774220478,0.37610668291668192,0.58964224726640257,0.14953852019091954,0.74796961054925637
0.86040951238893248,0.38562903398647702,0.35186320291671452,0.65403606017119043,0.53539622505844897
0.72162183638687338,0.021754945068763652,0.41103630969022553,0.80479464643051624,0.15568318663442551
0.95699712584776686,0.89385422809742177,0.71643486956780711,0.81571075377631086,0.41127507947647501
0.75090555198319808,0.76472593103088182,0.70435773501545629,0.89228480892562734,0.51257821112197344
0.58463804641613992,0.94532333781183187,0.43757644806552098,0.65621749113927108,0.8574433756622537
0.70063654196662162,0.61172511595517165,0.83077690109696667,0.37267796259293212,0.47643064953132575
0.15770218212257189,0.95357607022891888,0.030173308426058618,0.26064785006819785,0.79282400874160386
0.32546965746694911,0.38530639981928483,0.60098787038145707,0.031968778676546246,0.66032065059425116
0.80516021488659917,0.60117048108198379,0.59217127302530592,0.12261883942612627,0.88583501275256038
0.83702910386969431,0.48275506528515955,0.51102366556294365,0.93694412099689994,0.2550845522819587
0.80418958166641286,0.52106114211015642,0.8226547314872642,0.91933241669752541,0.94011430855752798
0.89601351717613087,0.056504064288806041,0.86867246050643487,0.5530275629521173,0.85812533790283418
0.75175435638632426,0.68977981059970528,0.70621399892755299,0.038989579975491358,0.32822680439301827
0.92586814841127341,0.85181703881676429,0.37535542983012343,0.24102796747731495,0.46359101766128374
0.054167268939718266,0.68566875577566211,0.7843041522249522,0.93600152439545159,0.12004877022366785
0.6440703476554468,0.17584815583851524,0.33958686223789403,0.071097940246331565,0.69411159109207654
0.27911336013185334,0.44475086753275161,0.67052914048503343,0.83150604442644516,0.75027599613491713
0.8926774923555445,0.35926432460363883,0.38758756480445317,0.43408649998785304,0.5893727013767921
0.11969029466672464,0.18394738817558148,0.28958319849377417,0.48221655357892351,0.50442444770308292
0.45742597525671103,0.17662890623915628,0.32075439374996745,0.48506759204487604,0.44999110236718992
0.54625811052343665,0.66233559232235351,0.37717520566854512,0.70914020279643331,0.2158939257460718
0.17268438036870803,0.17049754330515188,0.47138157440192019,0.89548626006922838,0.79664768591875601
0.71073393651926919,0.74332084605641691,0.69771697160026014,0.93530135516538149,0.82504869021615945
0.67080348347269214,0.23640140309893637,0.55642130919250599,0.50764380116900232,0.61137700675599826
0.92491114021137955,0.4102358862829098,0.38447277096174265,0.84057997537655449,0.75289176786489898
0.81707835744807789,0.31690041497534255,0.46867876393223395,0.10338425397055449,0.4047669501768999
0.30942169652574897,0.34968540736574016,0.5895546542801674,0.49637732342617569,0.63013253063166486
0.40711206446563425,0.44995312161459383,0.292132845716219,0.4463837932527176,0.63271544811407587
0.89243660446871786,0.15778904947163996,0.63432234920303188,0.66533793202931613,0.18050263394611277
0.97379014938583996,0.51075312673440598,0.21225273863579955,0.11994137746868386,0.3738346349958892
0.62721443407632926,0.7572796447938388,0.59795477448074086,0.41726374305795494,0.53104911061927862
0.6205087669572843,0.72584237800401874,0.67035560917452908,0.44657354148254619,0.93288586511994154
0.94233348396456529,0.19724770078208223,0.58266734295614842,0.51938423690169788,0.92038324880968703
0.1310689673332423,0.39265693451894179,0.48222658237698973,0.056506268553357941,0.42490206555843935
0.4049481956100448,0.64879918747471255,0.16274780800715002,0.53479747249822618,0.2586036507395108
0.12419460362748783,0.82668690699793723,0.72462259011641406,0.79690041514280974,0.19460123742747451
0.64389530110150328,0.15839865830568062,0.32418480632309815,0.31766856600684756,0.66478165617091189
0.20917581449825939,0.95930713013759272,0.31716004487962596,0.8092017857859064,0.69086474687797084
0.54777929247724422,0.52998211408337226,0.74723514963002913,0.93463978005890713,0.36173140361155237
0.88670606463214352,0.30913957369060535,0.84819418006591685,0.19243757911982412,0.17069554122206357
0.85028334754368151,0.19287467312598783,0.4921368385820058,0.70600767752116766,0.92505235483449522
0.62214079738207462,0.1904772273539205,0.36346613598066912,0.57236862714202341,0.4027959194595272
0.17378292014298993,0.96837523953094595,0.4223655113627976,0.68389675793210702,0.89372798745919413
0.84388941858541655,0.051853521894806326,0.15826445308042816,0.73990666514448145,0.030850770019947581
0.62007269596973236,0.34354576153009492,0.51105690628479761,0.91823316405463018,0.785295981139152
0.58974119621065946,0.4404610563516887,0.79240730807346671,0.71226104709627525,0.35541438006005682
0.27445603970592075,0.68670826517590999,0.68075531391933652,0.67126162647567633,0.74274940153415581
0.47271421120804397,0.72386749735969746,0.28386014738444315,0.86033794798165064,0.87824323612023869
0.96033344481908145,0.32942185393967144,0.79674817607812787,0.045915736563021739,0.17321131313787402
0.24313540468560374,0.72262090626709929,0.60279308964582512,0.85150056096261029,0.63682225611972754
0.90619535522516159,0.27479280417099128,0.08573035401773009,0.12522488701900106,0.26734571700852677
0.60443984385284599,0.90894464071095493,0.5680272807946134,0.36817337046331861,0.73522602192838982
0.57695320534682248,0.57628919888790409,0.34224200458406739,0.59675305232814868,0.19899329611542874
0.24570035851010863,0.94617266574022552,0.83320771122756532,0.3124197565582762,0.28468589976992531
0.52421017670937387,0.97299174059865279,0.14477256145354075,0.27219482559764924,0.093789323141494657
0.19810119596648415,0.27022455843789345,0.055798784776153382,0.18239787101278648,0.60424029454135941
0.3926015846446268,0.11059280353942416,0.58432830610260666,0.89203339357660039,0.85842284069294927
0.18136084541313749,0.057387838714890366,0.036027103948301366,0.88822109982359476,0.31799928654953141
0.39825302543530017,0.9728609724885724,0.56751950318803668,0.10573901289357281,0.68141173001373145
0.13957656186837294,0.82068360542078933,0.23617875208866324,0.041413792489561486,0.75907535216444089
0.9683943179039215,0.51714361455696756,0.33764667354925276,0.28945430584939608,0.91664490906894347
0.83183572498105807,0.14036703194550995,0.68367908528896537,0.76230828005155193,0.95641507116710778
0.40729426692699788,0.93767814626694068,0.72494732655309968,0.96177428893080474,0.081324552035551917
0.39158347345500999,0.7726444491604314,0.73740219833590281,0.80804338619982263,0.10964933333915454
0.13089058310788268,0.42157755569774052,0.91993850542588185,0.61442752675331325,0.82597157394020293
0.53509487243831522,0.54705524858393728,0.021297001384053084,0.14872635050120808,0.65222269433676827
0.59621698566361581,0.47774163136955322,0.27295200873774156,0.53751554924183909,0.34082277451215259
0.075561293888217376,0.56357801179582157,0.94768040083295568,0.94951472452350638,0.43593123574673387
0.40325700218932037,0.76836086651135571,0.4306133104151606,0.038181060716296608,0.020276520706735326
0.56932294444069942,0.48708908272392365,0.90009465257642662,0.58288291466047748,0.85314536908666361
0.45988004294134244,0.13227674364135247,0.08830088473024332,0.18621477506502027,0.36675545239731094
0.31704622289619155,0.76342388050231069,0.70299737684345809,0.19013933833660807,0.058577774863453655
0.85184085268966048,0.34492253027214115,0.38165627486601156,0.7470373256846089,0.046858705706138259
0.4829653079855899,0.12446942623124738,0.64199313067753605,0.76248375167366833,0.14361908748025046
0.24340690481262325,0.76366769335978379,0.10522149556307031,0.15802962069628448,0.13909278838761899
0.074298561309282043,0.62118835816562457,0.96864596191433228,0.96960702406937316,0.78591929545848283
0.70630217620617453,0.259714158870542,0.74805943540854469,0.026388330643296279,0.63250752607985106
0.80536486591058543,0.50220233584500773,0.53260940696032544,0.36543188184269615,0.87766077757181804
0.66207316273309225,0.76415558117917426,0.71479361204347813,0.47847370796924815,0.71987416129858162
0.24370523622622456,0.64340097884708947,0.31649350898503659,0.47901382814138899,0.81418752919707971
0.88366166006633118,0.21877134534794368,0.25265664098908608,0.18160972589556346,0.86979432989475225
0.4640575595204906,0.24073541851366345,0.1159185963970101,0.23028706058529319,0.29881791578879013
0.1288145402038699,0.042892368618298343,0.44088871188008766,0.81019974329142597,0.82120020247641079
0.062529914628551703,0.66941050440029903,0.35161166217475204,0.50027757515069637,0.8203330158121469
0.65337323778321288,0.2396276706092052,0.71862995415342978,0.43098398594750409,0.064259173935695843
0.67080772325715987,0.45673261755387179,0.34087857055098925,0.18790426825190329,0.45450610466263675
0.21504387782583934,0.38271657617848809,0.79607234979919594,0.49608589326569047,0.16669778880900926
0.46579905555900258,0.73437780669558639,0.92530336509763833,0.6047814899535171,0.22977073966386927
0.84654680432340434,0.49310613656942442,0.80231581333198176,0.75957167065485243,0.80776350013644704
0.24506116811534434,0.46598350347517814,0.6965863398343638,0.13322156386676698,0.40703220721555294
0.55898901970657022,0.28715238709734797,0.88687087171052359,0.32159011949709054,0.81949669973662376
0.058229786989239543,0.94813187527065368,0.48202451915899719,0.36926816542874241,0.63644826079576622
0.26325794166528488,0.25281559594656888,0.83603676923972248,0.48735211615169421,0.57757845494245652
0.1458546252645142,0.57061040473690783,0.27358044632896522,0.58716589836001232,0.66722118813374987
0.82192380217105454,0.28742006788272861,0.69183060089148651,0.89370638653657564,0.17235124921127798
0.12838959483866788,0.19204273641521202,0.5367969566449613,0.68212058827132294,0.13320246575653261
0.23560017595441862,0.7844863511332737,0.16359711139229874,0.94729281671412902,0.11427790843345796
0.32433346237103677,0.73281650746627069,0.44896013936435364,0.30358503946889648,0.025390594822168565
0.62277191828779688,0.081055729860474088,0.24140026695721414,0.9021512294959203,0.050365665098938348
0.2918467498153734,0.27400747590186209,0.19480040801830004,0.87456440893310938,0.29139636818793824
0.38196042252431328,0.93023947153455477,0.65815956738447645,0.69056591301934844,0.07443947932994309
0.70591218625792895,0.80791806492564899,0.61029379235595971,0.58302678184896717,0.33035724740646244
0.057361724309087453,0.89099556172650762,0.97292004946941546,0.17184023148928745,0.65292368439076898
0.57917399685331172,0.9036433568919171,0.74581783129503465,0.43595850192942698,0.25146029054312952
0.6193435782666632,0.67634475134650518,0.32058118986832906,0.52131734399483431,0.67176828455054349
0.188153591033934,0.97218480106073946,0.84553440331780438,0.92792078638790776,0.034422495217163271
0.6664724167886279,0.24951871079516663,0.1055424457752752,0.75672406176652129,0.9720595958548659
0.45253733936979978,0.87920422053298664,0.83371024630354262,0.38433259325373365,0.19834720319541516
0.78019847264997422,0.44594344225083765,0.25647456871329488,0.76131519834473316,0.65451694555276829
0.51945639991816694,0.14230677561285365,0.71516538674692021,0.86692923369719932,0.48979389149385794
0.24043853888279576,0.9461994503900365,0.5274660424799793,0.85367954502473176,0.050637066818796081
0.44891727477765936,0.52325681588144812,0.16837281912885657,0.67041356615892489,0.92110509209023361
0.80335149319723276,0.58045681719036102,0.74072155042197674,0.79270671639739865,0.47933306368541662
0.088907916850452864,0.32491164245167153,0.65412368467184867,0.040535955377948803,0.76121922899072569
0.77277455433665099,0.78015417405544318,0.77208565181068289,0.80595201676951578,0.42379533815181158
0.64968920475379321,0.060989082141018544,0.29014137238744059,0.39291094744641242,0.39279238146622247
0.76712463740091441,0.44881766095069175,0.12609227455613123,0.26656082997421021,0.79912148529612259
0.76621037892720179,0.56397749719890389,0.61131487534984008,0.21404311301531176,0.12088332794700531
0.4482792212622857,0.77663883429844194,0.38712715118555763,0.62224323946398752,0.86991743602196325
0.23218293836590034,0.39712876774275341,0.71877076713123922,0.48562717220480278,0.37591819093958889
0.18974284735128255,0.1217874116503873,0.25268134059946523,0.39475119802397818,0.54377875570248269
0.60690263348374984,0.56366686021213841,0.94397573903637344,0.8367061921961918,0.10309601730913542
0.077784156008047098,0.53974109511661317,0.96130559783664404,0.88274613893666976,0.86365387065686317
0.50557266667703971,0.69814846900904459,0.71794768654823526,0.9755669435545512,0.14983469773975461
0.48297677300157066,0.027175101878323352,0.92009716971145739,0.50011081047724448,0.2261258778854971
0.45838596042968982,0.31478607793922236,0.69789280509200224,0.59455338431497018,0.72582838209541756
0.92309605062491373,0.96467080814884765,0.6308862346320242,0.20095200763464016,0.11368726311923684
0.58154634682152373,0.63295169858152567,0.82721440134580493,0.097342592063725142,0.82954694901015358
0.53640824894521266,0.43925554315025811,0.096810136259232571,0.56285040271931253,0.93006038429389992
0.88548048814785763,0.56115525470325811,0.38690048768426272,0.81411016037500017,0.45540314370843921
0.52314236148106186,0.41206514029149671,0.67273673981634541,0.71082437885669447,0.15171540568706962
0.56318406458394188,0.077859826528531073,0.097444628747279549,0.23725003708798878,0.27583252495724397
0.9366653843617545,0.35031734310119972,0.41617253734721243,0.89590934818914536,0.14690330215810088
0.3644754445468768,0.24640793556475665,0.047031703224622023,0.8156355739634622,0.52973938297928247
0.82415757567599579,0.89352760878700122,0.24442552637398662,0.52543573448409442,0.10778132869864641
0.49146542116147512,0.71787382925471499,0.82410963338081766,0.66024947296477432,0.47764473674840841
0.41512195194062573,0.65227869431650232,0.60026304298761923,0.44373024926833493,0.71627603316074817
0.63238480076521419,0.31445375906121137,0.68892772535217472,0.39640327857474045,0.42895368508682752
0.57962947809197007,0.69289192822324963,0.19412370705996262,0.55992814416565484,0.54183326215800653
0.074681691164952713,0.14240528495452751,0.068418368813419977,0.25450695018429165,0.36974655184123451
0.049288689252626194,0.78483650416281991,0.74267740809210203,0.21419739950825056,0.63851435358839537
0.1059027991129603,0.82340869709833964,0.57733385878816557,0.19189396344206702,0.80747252809283809
0.040696544609782878,0.65998544271976878,0.45473042397665081,0.23700595930541182,0.45472976711817803
0.76896187212310496,0.7255747869409197,0.33430177909514214,0.739690247447788,0.90957503615578794
0.58881131001806242,0.89727134169023237,0.27173850069061029,0.23461260104206225,0.8547219785184188
0.26013495474387965,0.88318637295963753,0.89527067966900309,0.66185639798351181,0.56687532554438258
0.17789548787256432,0.41342847322757381,0.21714329001157298,0.3833619899828703,0.40386872995448175
0.91080988528955498,0.26484213412761909,0.63866278410334021,0.48729113347005659,0.64128153190802273
0.22418914859834269,0.076049738605566186,0.55043543380215143,0.58008764265947144,0.43872674871054967
0.78959896961881626,0.88606066065822087,0.92676371412757885,0.26122429619285098,0.76239889661870874
0.17467454895309703,0.059264664280527055,0.51350829229500361,0.374203279717154,0.63773148786832978
0.87093691712673849,0.63041582372377636,0.90012673403012111,0.17093612461400842,0.5694877170779723
0.88570596716289485,0.68041982172375715,0.97563435682008948,0.072747378616920738,0.97041073038057823
0.14522665463106152,0.39118753000923046,0.12396283413646174,0.80429293405045366,0.029612546931086323
0.64816769768045279,0.97970506907088784,0.30232385913932591,0.88413229399826421,0.77806616058923284
0.45973871448022463,0.34256671990856963,0.44015225122450174,0.18663274949177244,0.050180171650666169
0.81860290671700287,0.58209979169880477,0.84080186507347376,0.19941143047309284,0.86919038248224478
0.27267053830649113,0.79614469020387169,0.18723707968178072,0.34074987258991946,0.87893427652795098
0.63497483734135918,0.03470306719175216,0.11943120149293801,0.59439614660475593,0.97954299272023226
0.45758692975852044,0.43721004508714428,0.66887780395308361,0.56147205617714158,0.35677553812499579
0.95036744345656177,0.71276979009754637,0.84069079343936259,0.64605823571158205,0.29918218857665357
0.74746190776945265,0.22199281909870722,0.70900642203855357,0.93737556550834999,0.48672743204204083
0.6100686993962019,0.88920883113280269,0.057728959493349094,0.74717075328666216,0.91244961877170072
0.92483109487164605,0.028061292375854696,0.089873247028525116,0.23443600228133038,0.44606015038628
0.075410584963162955,0.31675280404607981,0.7435070829814372,0.25122246995587993,0.70938597619363275
0.89579419158535756,0.83078677529087253,0.94481243899626755,0.38053074719679425,0.077287444581629214
0.95175169394204417,0.66157091144516267,0.40034442291739214,0.14518450229840005,0.90484995118038292
0.50408904085624306,0.29167684775313862,0.51913574805424578,0.11191979477141974,0.59906738197255138
0.38403034523797391,0.15872579784921209,0.36540847542312305,0.1841588198066007,0.76553232132827309
0.17077001510669912,0.59959059682316995,0.97842672908748918,0.079447043291944824,0.16711262528907112
0.57530083015967814,0.288657449925522,0.78940579380715237,0.34656331597260631,0.61245135566777065
0.59223716353462208,0.28454897415203373,0.82463939596598856,0.33635293797152777,0.4736189328538884
0.039561718057009865,0.075797949671434814,0.29276406415765976,0.76270858383367657,0.84578394630108744
0.30708372112621102,0.41913746275235331,0.86762887307610093,0.23432284318401039,0.70905630964247857
0.74496177392309171,0.96538261829851835,0.74537563526452399,0.46740064460275521,0.34169014170248257
0.26162025220613688,0.70151925353215094,0.66089644533801395,0.067157116259390359,0.1158889279468415
0.3271888523038452,0.71391284087188456,0.75534741485688139,0.52571457909423469,0.53010370960271491
0.59148431128172096,0.86878737470948375,0.84615298853367116,0.4492571544051121,0.26998804572663271
0.23935760781640514,0.61823531425795175,0.58441173090918008,0.57989218631000217,0.24232060206379979
0.30687864443240315,0.37693414592366559,0.56329791251025896,0.84019376902262932,0.56920894776586384
0.25327670600576579,0.52823698826297028,0.027793002243011459,0.51812719536366691,0.6464701882925481
0.39523023440061728,0.16752589731175258,0.31619457790684874,0.71750033030542881,0.11491074474326933
0.19360568896511418,0.56189766689358145,0.60288489062812389,0.22482209414460624,0.62105983780469409
0.11278347266271845,0.25289418012997733,0.46483865748180386,0.45242645550462224,0.66955042060364722
0.75770847113745932,0.74041231907109772,0.47392872937711256,0.77057717167511375,0.6095570951059609
0.82780998121949045,0.16404938058145896,0.057031618547831925,0.80596142538681304,0.5549545231321602
0.60753465800516393,0.47025660581371492,0.60031035094347585,0.034143685739179364,0.36867815812947663
0.14168668576968435,0.8665915752729102,0.96596914013200585,0.66099968535302811,0.42695825385825376
0.07240605845342063,0.77328647736253808,0.27891436416770654,0.5286852080356419,0.7963411789311643
0.69689786664698705,0.6809554670509631,0.16366299296890388,0.61017204681106296,0.033582876448088758
0.61561986633710675,0.31420572296816451,0.5293609203359001,0.36100999516337184,0.8631160439472545
0.22763795583229299,0.66705604342784741,0.59754010229275434,0.18550034279720465,0.32884794633178582
0.057725290281840383,0.30238987161478398,0.20991572795617608,0.71051781152624427,0.41326520579210857
0.91472678517679729,0.53906455441375156,0.3009115384300336,0.29198679278571937,0.7011717886702149
0.45039060259926278,0.96344779232909161,0.49251303957048331,0.62901894908504397,0.16591224454659348
0.094422125428047676,0.45870013077534849,0.23214367493365151,0.60083171102213395,0.8998420424403335
0.49739563750277599,0.07214592310823939,0.68183492558977976,0.13328613231686473,0.92980183356414514
0.21341326273319314,0.17197132693607275,0.89367816158499613,0.10122017875427083,0.92696247634994822
0.16212644445551669,0.05855690974745166,0.15730059329199786,0.64459930140969335,0.59950756062446664
0.75665333541265445,0.3816335685951241,0.41131033970774045,0.89995988158125584,0.34087733162878092
0.6626264297002411,0.71231647464492831,0.76087131933809815,0.7883496842023463,0.47449366593114772
0.82523727593371365,0.23322259305610848,0.93681256099758625,0.96958440769142351,0.87087698299316463
0.22794249451199422,0.65019826244156664,0.53304267713879738,0.68267562507617929,0.27633483649631729
0.076701239153422127,0.2986988141264208,0.7518725764876043,0.96130584877740888,0.81285906115419904
0.5135117436528871,0.77118544940327893,0.68771761352195293,0.54296977381115186,0.86678882811398061
0.40734991525244441,0.97302081594262146,0.10155938380912186,0.15925841491039394,0.23099462541978588
0.84811690633621462,0.9303572684904351,0.030581706127336294,0.96943620442613676,0.37471755093734327
0.21184970202281453,0.47201004332043117,0.97643592036244564,0.50488856541223837,0.89211771581468147
0.47238656405576795,0.22084071432699701,0.37682782672305104,0.55412286258944832,0.48502451251478085
0.13736995253882484,0.49885726021257693,0.57230399138187327,0.18917354542111059,0.26023460834483647
0.85757653778349674,0.2243521863778408,0.3861037346694069,0.25006981589074073,0.45961645921121397
0.20852483470466046,0.71321098503288227,0.816714147895789,0.70551206850098258,0.96787144404476988
0.2958803779692975,0.82436491535830669,0.21646008257281371,0.91990675300611424,0.56637191896289196
0.58843154530532471,0.15790484404187516,0.2614208171614012,0.092071159261271018,0.1485649201763764
0.17281946345372468,0.69456081358440602,0.53129228735861556,0.44228752120767767,0.38233163707029399
0.1407682134800278,0.2717298970370125,0.16747114110929567,0.19633603322874707,0.82025386645200848
0.71293230079129011,0.29069369529370237,0.049285701702029949,0.7379732182915798,0.42041635468246336
0.66433780933936659,0.16547355417378076,0.40424577995461253,0.48371241901130402,0.22678042660503439
0.60070393682348233,0.50845328150648728,0.72220405106855101,0.72690266919810609,0.14776941214988901
0.83598030873097995,0.61244248697594428,0.27114464801711785,0.62809217612615909,0.28591230740340234
0.37852217138404631,0.78340528624776684,0.7009342207378475,0.28777947985409197,0.5766135054332594
0.27481748632531955,0.045850392735579032,0.81513808888420936,0.49854667914418965,0.97982790160584332
0.94625549188671487,0.34037447799844756,0.66468689991655183,0.65849645489548159,0.090028584311223986
0.20390760575485831,0.2315004576037176,0.25217411647788912,0.87237110166597387,0.13378062711233013
0.49146475592272348,0.084047981524816684,0.38077481897406862,0.88074406681833073,0.80282398555195378
0.2597877593323058,0.69406874598755286,0.28241897221249895,0.023740379422601807,0.53249553389590487
0.94897362781674732,0.87584297162524938,0.59498392110629295,0.27370005016337312,0.033338342335493751
0.076615125677135548,0.52094294103214567,0.67943966130217259,0.21288632096939533,0.88806764801677585
0.15011561361406978,0.4268805375737621,0.023723683120533537,0.92240083730417222,0.59597313034951427
0.42812594364199125,0.57882580809230688,0.18995159580900065,0.9025948451288125,0.90690018877999512
0.25949013506115853,0.76730087995900031,0.89048082487516633,0.70442367852715415,0.23306268758982651
0.85899359370654171,0.071296074611915894,0.58749024219357648,0.57336119309340672,0.29492045289615532
0.46061422057863427,0.88508584280990421,0.61975634281745706,0.73325301749913441,0.21687116481443075
0.27552947468448091,0.068613639337196872,0.43709912784707056,0.06757361226352003,0.58429391098315875
0.21212263671496326,0.28186657471477888,0.63847678179907408,0.30356168396250499,0.27054361276018191
0.73503610008278553,0.5229327496629661,0.65847959544125378,0.89420073992292382,0.074366795069321118
0.16425730237880862,0.59197728917313519,0.14672290163215054,0.78394670626210972,0.74875925567577684
0.62015678025131071,0.5954929344385923,0.91289584437067606,0.9535107199036531,0.61979434519072563
0.68022250487196367,0.2030474819042023,0.58977164506101032,0.652240080810082,0.50162723031819245
0.87448300727444517,0.33795919395219581,0.73866834107716894,0.46673776702705733,0.36020798753627525
0.11515122958748389,0.58904651656288953,0.60813157488845382,0.79327769271235926,0.29004304084519972
0.024132120560237419,0.3962094585824335,0.76748727045093679,0.70017660456535946,0.48408024645307035
0.60729738241654851,0.92563348986011817,0.24044108852037341,0.047112691108259094,0.6727854306327552
0.3517299373531077,0.44867368587735751,0.72586088575702401,0.70991542832838206,0.1604165047127733
0.13594325882771749,0.66311499977020327,0.5576262755262642,0.19602250735890933,0.34834243341522997
0.95924608553338242,0.18717437992741603,0.27039090537502158,0.91380560610037598,0.69116517150573853
0.55181743829814944,0.88452882448819914,0.09421377490646847,0.71432402445197207,0.44864386759695746
0.49420722383265531,0.78449980003244912,0.45976455274413419,0.84139886214400272,0.25600915328751217
0.55811971829144946,0.69017455033582953,0.42739025895092153,0.16833578460845003,0.60133777049033688
0.28458567429274501,0.92894609381358584,0.06372039957197298,0.43340815365720564,0.75620044740765902
0.74810983546478127,0.76411508968603792,0.9202220718022639,0.28319358637558839,0.94029668440758429
0.76744453983971839,0.12828824784546672,0.58690584908207466,0.96287904725639539,0.76051830729294967
0.84582931829940977,0.40793445440449105,0.86248765620270962,0.076280201295657935,0.53199568352326476
0.71869501027032245,0.30290550334249117,0.24638529938703488,0.33285323698229474,0.87886576711980524
0.25821203326603337,0.38089500447100572,0.34772990835561429,0.77693390625252068,0.097712033914007151
0.086997607222950996,0.5964219067223584,0.73938090369094112,0.46644367074453968,0.16337756471163062
0.849229794453501,0.25728507236992287,0.5377437691526078,0.35109009618695242,0.71499609932339914
0.41950969892194173,0.45002852119088599,0.69919949662438041,0.86657197679766473,0.96003905118350275
0.29007836076904314,0.33238502555666488,0.70118477554005287,0.11915603382712935,0.91046841924754041
0.78773871527126815,0.94497766815804729,0.59363763396990554,0.36029073466458189,0.19211809901034019
0.71370350666808435,0.45749506334623047,0.052162234761440621,0.72493085382039024,0.084203251041464325
0.18193381262226757,0.45800996196639532,0.095110520377967731,0.3209275150017063,0.70483628231368034
0.88124093990611863,0.47644365911894743,0.83125658952354442,0.66178260566699876,0.035880837334506276
0.60707058062310759,0.19294240128325499,0.56576252691003015,0.1956916258297787,0.9484143710621582
0.37784394351932027,0.75759874205311406,0.63530181614742576,0.7039007258901977,0.57192505318343778
0.068444475132400914,0.88374723303015157,0.66474549826633689,0.68348075817650256,0.1560564048231918
0.080892385010612494,0.82089479737293025,0.52805725702619555,0.49806218720638867,0.15585252189717372
0.81579552131571098,0.32785145583406677,0.78340480263858359,0.59216929421247233,0.74919072285929844
0.62157753752722322,0.32081124876698608,0.24358722833611149,0.55128709057155678,0.65683664999613922
0.20304147214504242,0.70091930441251749,0.081444129140523736,0.46756111878681106,0.23245550545775281
0.42043294145779292,0.46121430964170124,0.50793967839149046,0.13688761612949987,0.44170944297157061
0.9498181028383188,0.43117006670001712,0.67677631173116104,0.93135114334963276,0.18116128298470022
0.83067796098618052,0.062543980502413207,0.85362826653218549,0.34611161464539164,0.76591491903443965
0.8601471828782784,0.78114179475053613,0.47958859242077306,0.64706693829714146,0.63982905437979642
0.77319192405192594,0.60252207323960771,0.68571513642295567,0.37511728531574556,0.23981291518850364
0.36224988290653753,0.23393729291365153,0.89224049713747111,0.57294369973476789,0.86503715525074709
0.1302455521860548,0.35914483087914023,0.0283788676294639,0.73384963712333906,0.2085614511125693
0.13852659256327118,0.74323539709304409,0.41247170387847076,0.46389777636573715,0.020562523019215035
0.648018445850432,0.90187568413126518,0.40710528471719981,0.86966328796356851,0.57006948192218054
0.90268265384879898,0.37798577559932284,0.35858378997538176,0.14664741699418704,0.65953403826997858
0.87859380141309551,0.15603398525312095,0.5195631209672591,0.34742839973587053,0.39167936461040836
0.97893076101575494,0.65090073935393677,0.4880666996599044,0.17547601108947436,0.071147526781398407
0.8541056632918278,0.34919711310065321,0.55342417564797686,0.25589645386694188,0.13147966113103216
0.17290964922782051,0.97794583238459776,0.86395612009296008,0.81486800724092834,0.1027134696328634
0.28400078202120838,0.63005319424611772,0.70702641756052376,0.098090649476511235,0.23121453040847853
0.54172767800870725,0.75149662266060402,0.79889632963038582,0.54208162680019167,0.6105720971904437
0.46171085441948057,0.3512889066055932,0.53700179470968201,0.28654788171789697,0.79694728672145232
0.4314090688615343,0.83651382876812874,0.77583688298321085,0.16323299663409416,0.5202990631070713
0.05906046699831595,0.88692721963585031,0.35524928476183332,0.76948867888880723,0.69509229041979192
0.51514347431822005,0.67679910798868359,0.31831049254264748,0.16689049353256555,0.86973832369245097
0.3915634985185048,0.11443477490912493,0.59934657411000891,0.5987287451689165,0.51987374655072338
0.2218788509221899,0.61186917917092143,0.79175251908186661,0.4486029237495297,0.16036337216802526
0.77797472518382393,0.72520583918051162,0.54295058174721578,0.46955380402706581,0.07691986645898545
0.27998243371377668,0.38789143918919294,0.74176474266572989,0.79977043222763955,0.82816953920693392
0.47888091994230353,0.84423279271173124,0.32796292906911284,0.30850047188137025,0.27316297470418421
0.84069014348070192,0.045227166910689037,0.33149609611895958,0.40799197274151405,0.87944756131035107
0.69890489623093643,0.28198333940377124,0.65968501400454238,0.21929769058362208,0.067680089139352403
0.16126472047467863,0.70463946258025345,0.25193897152260636,0.34700031120372515,0.62600007280475134
0.35832078507225928,0.020085418516926551,0.26546033604969888,0.19487790955220499,0.55711990238482845
0.67115830702347612,0.37837556837049913,0.83514252239838949,0.041640771601482135,0.14370098007762463
0.57389330080790457,0.71642175634981864,0.53678313523808863,0.80280700958912421,0.63974013936195873
0.87749620393070649,0.36580239831346495,0.91641704453619421,0.50069926416027133,0.59991364117410895
0.82811397278418863,0.41819164527925906,0.21840929518255442,0.45434993670654561,0.2985490803687027
0.20691651210006679,0.80411318218427519,0.56691217370496527,0.8747406524933965,0.80364047576109998
0.5522173905725668,0.14130345113436066,0.73509685445665107,0.073492267280454299,0.49677614573210721
0.17764365727484205,0.28330443943871331,0.22281826389187889,0.026176651035760834,0.12681536221092454
0.90481275615002232,0.060689735479899837,0.13010872891782038,0.88493628676625369,0.48330493465937718
0.7484007882698489,0.16617123072280943,0.081177368071928407,0.90972534145041761,0.35477002748012748
0.047079261277770533,0.78056454080861426,0.3603538125662743,0.42530051412017944,0.54678311390318679
0.078373577733999653,0.70954793442100306,0.92262951598119858,0.73068491819742454,0.51073530021364766
0.93227844860999098,0.33407100457756872,0.97641290928684843,0.062699071402970291,0.31480973519529915
0.1225917454335799,0.3016936172271717,0.28707610469288097,0.25107543674697963,0.23321824898828813
0.26750310562139801,0.41746085536142336,0.28213382416815097,0.044626378149743212,0.44572648196873876
0.87920630947298484,0.86986115932176566,0.63068519779738286,0.85828653557531986,0.92434267291899352
0.82492586115705957,0.74184330733049741,0.074128397568692425,0.045443221451774533,0.67689593871098563
0.1307403678768998,0.044661277738762661,0.73096065425053647,0.62970975458094702,0.72686809141667874
0.61514892509945829,0.88642836450406359,0.65147539175359348,0.71569627803706082,0.69730426638471865
0.89440515116947827,0.33549493974122829,0.96112034146775882,0.49700696843833286,0.71715440549780496
0.48939071641092186,0.55208586043880037,0.96568220330870391,0.20418126517564039,0.77481612756139273
0.086831025767176731,0.31710644580296871,0.91020363219585054,0.11671113676998182,0.97325330321574499
0.21375881218250162,0.70664266377328233,0.23189831887193216,0.30248420505739787,0.28706750777832152
0.51266665395342625,0.81204772634789057,0.64392675638690411,0.43938581999135412,0.45049957315609901
0.41237952564810809,0.94133394560589467,0.35078931073740355,0.11514791544370848,0.67117528278563277
0.22370008032998678,0.61414833570617611,0.60581787624366445,0.59962512437389381,0.2202968638966091
0.40272366671758381,0.12028891049035546,0.20610548368126841,0.11794298433817157,0.56261556812154279
0.21976117248404664,0.45507274060086966,0.20907522785748875,0.10533792235086999,0.56109257575626836
0.76343220299167502,0.19898922515110831,0.40436736175183519,0.84068274701318313,0.55466305014863049
0.54834277526928199,0.089658753709486311,0.53778858224306947,0.80579986685197713,0.55873051224523429
0.84111577460478515,0.17413043573310241,0.088153822427763054,0.3851998906148103,0.70775930359238148
0.71195158403464576,0.8010949476353364,0.9672145354077093,0.52406828330457178,0.95350867139184958
0.88267690096899643,0.7604987335559058,0.85986349675546614,0.072281051187903067,0.16422319972680124
0.14393539403730118,0.12276055997013248,0.66180981152012597,0.40081893619557291,0.13340989373207576
0.92864690671801886,0.62911882117930706,0.87637132391876227,0.095309032118923331,0.18027861526741579
0.84023821492727035,0.7045549039980884,0.15862542965162904,0.89805668899197344,0.54073309678526849
0.087126522771004675,0.90834354206080958,0.12267388046560977,0.77863556938915202,0.17253953258871721
0.50664142126951273,0.89417672152451577,0.19767732416962344,0.61647299657886701,0.74316301490305703
0.18400884855215865,0.58388513635321693,0.94592662426262952,0.32008977932507154,0.6650169845739744
0.47511913055306321,0.7475708906799583,0.48230016367216744,0.81390934160980677,0.55589851146556901
0.47479867995444935,0.61537195088317731,0.17455679855401809,0.16167558703421439,0.19252749727180818
0.84310718267957097,0.39932154552008126,0.48928552207431997,0.059744264418951573,0.10641568885232658
0.081225104688175093,0.29300886322817854,0.45504309043681712,0.13305645454773174,0.18343310322794426
0.69948473602708006,0.65426346733041674,0.50161817892028959,0.85605905967622054,0.076305170171294456
0.039530263896207285,0.96939108895497705,0.70824469059238371,0.85096345346977897,0.11986763555197716
0.63199490787258472,0.89339432555365472,0.16756301066677495,0.08828209593659303,0.70447415924212242
0.89211601195855672,0.94177269969542332,0.97196406197127916,0.30484406424091054,0.5040658209301706
0.32623939378065731,0.48221016434709402,0.3089650116616226,0.68129278928230919,0.3233057527523871
0.39660560832718639,0.61337042562679822,0.58537160643380537,0.12745400554629496,0.91928971316661767
0.20031335328847169,0.67190950017610962,0.13827893349098463,0.96402045432730787,0.66515193170324249
0.26527978248395861,0.86770884524834557,0.10360071908611924,0.91204596089912349,0.54079808662322137
0.51024852131598342,0.40516122945806787,0.20672351363049418,0.35769053251850325,0.70237834367566165
0.18658224543120683,0.083335441691993778,0.81524656014560282,0.21098451495091103,0.12396890629842218
0.69876708300673929,0.29107394169938189,0.72592754357707745,0.83027339025974767,0.77978600345854676
0.83731233402072713,0.71198224395390697,0.80152614991272364,0.39554048047643658,0.058196037238736023
0.59183464800397234,0.31081039152717971,0.86931159274070069,0.92197954468911392,0.40461110495713309
0.32376883773033444,0.30427846302063233,0.65443267525195847,0.13540596624195406,0.78329964964161825
0.48370163669476246,0.75627142610569975,0.9651501193866906,0.070386224098378636,0.49162197545428699
0.53692297267408828,0.84371433834894127,0.039893047308846658,0.72328866783842283,0.49439300281805998
0.48851368460987432,0.46666444946801322,0.16787706810377528,0.62536002362754561,0.50621505262472011
0.17840169021890193,0.57550975508708291,0.60578726037650676,0.35092800825041548,0.28910662123895464
0.15865168063623408,0.93135362522948439,0.52031818071760383,0.70453639691593761,0.06612523074291303
0.38436718267394221,0.28420273431458098,0.35729628137143765,0.32654401452141757,0.61835233725758232
0.35633451236945435,0.075719459934714586,0.043185915716790535,0.60503638724556519,0.77829037292234926
0.092923912327297992,0.15781078983691535,0.51339947265770958,0.59479271035182257,0.16475247689294073
0.69061760020183016,0.75610683676267842,0.54029165639219279,0.75413859196900879,0.74335472692247206
0.56764931675026431,0.2508071953542767,0.96961902244572551,0.16050133671602385,0.40032918527725081
0.70298020024632291,0.76601298430406572,0.96072875402377511,0.6143642112471901,0.96569048877230024
0.3965075809017598,0.45208733831484788,0.067601971058093152,0.87768546960200788,0.8156032355695898
0.89844531757327029,0.28698661559064731,0.1802377439903077,0.66142961022401059,0.59222104244756724
0.13077203423605088,0.3881803786303456,0.67978571384036424,0.72336701772131495,0.59409306047235766
0.089480809520956481,0.32017398163324839,0.42758997180576819,0.78098806474820703,0.87412302475973669
0.11942004337898457,0.29130708643864295,0.37799824753521294,0.94738834379126768,0.021062497154290725
0.7086017507949488,0.79580803853305726,0.46177393697670599,0.27142678744492205,0.29259951365187631
0.76925981692572054,0.35713887519108989,0.10919537184452001,0.20531649786575881,0.2387713035642052
0.070477172093173515,0.56529764204244504,0.78776057180407733,0.21603908841875963,0.40727320524950694
0.2940634111003621,0.71411415790128274,0.59234479412185237,0.31482006211369695,0.5221148773826495
0.10911987872297871,0.47499082800769349,0.6517710204660393,0.038894167000330243,0.195813061737003
0.31699849002054192,0.96406727332452247,0.63889949795680556,0.58366686184272543,0.47954176599969189
0.8394379117014199,0.61560673009777811,0.53305963200473172,0.42537283959768663,0.39218188046921498
0.79682925337686639,0.7685446215501176,0.97057875520566372,0.86324972225967589,0.27571023148786006
0.73775371179935179,0.23332824075496961,0.48230250816529063,0.59637231201721941,0.39027198633195692
0.061089921187921767,0.38556217851019303,0.44875531700096027,0.12653219663622967,0.24795998934535152
0.79564193838876751,0.11861889454152461,0.86231353400100719,0.38719009397194781,0.44741487249197681
0.17607956726726712,0.38375339817131832,0.55149153151305397,0.18406031359398214,0.34506295316834396
0.39038558780183397,0.46051846058280793,0.19291667110629379,0.30010717935604503,0.4776707800181722
0.61792501194457461,0.49060290983820826,0.65710499130901434,0.079983299551045911,0.13599533501424327
0.3155772631313864,0.96600182048058536,0.45025060815892892,0.68127278494977339,0.5490661075333636
0.16049031541302655,0.46880671910849703,0.70478620763144872,0.67290899272227978,0.44034370117934657
0.88835688190849293,0.54919709638416381,0.13007104818985055,0.82862517633990829,0.3944096860243036
0.092467359796089041,0.25906230780438322,0.56561836366235763,0.88244424016847878,0.84018362911128042
0.068815824288002897,0.21227501404106081,0.047222267875517157,0.3042159746618443,0.97725316929495487
0.36305082696432267,0.60478864858484405,0.65758838153560284,0.6698591447401866,0.85459403441760273
0.47279307687398991,0.46450674746405446,0.11642016955448443,0.64897164506019556,0.048028559499030017
0.47328397233484726,0.89340485668992087,0.5846296305591463,0.32866740864243016,0.85309450645778961
0.22659613641784115,0.67709936386839453,0.28928292229889363,0.70311002814882417,0.45388313435568756
0.87226071274416905,0.22377164254707493,0.39852153247084138,0.35825989054776036,0.060236500795962045
0.34123189919844177,0.10896917478946641,0.46808482707654731,0.45795897730797114,0.9416304584227394
0.53033911902083342,0.41354418857528347,0.57921315725848022,0.14054047795239555,0.90040181795433571
0.28857548657672349,0.47235973890086708,0.42247165384620183,0.61856946561654036,0.8218391813899365
0.87917953273544236,0.65212746223537454,0.20569176813691731,0.87937600124712545,0.19138549762600157
0.24428111529619423,0.5953871172585341,0.50796036203961104,0.43844576532674873,0.92884471316159367
0.91167921955168718,0.7171748358822414,0.68385537752045056,0.17806143420324771,0.70332594759416056
0.8041240290624333,0.52797531771605677,0.79214303226290339,0.80330187189416891,0.64764174707178979
0.44654782270105087,0.77192984414419952,0.45889914611780641,0.67820841728091319,0.9189058233529791
0.82808529388302821,0.22280420419900593,0.67581885682734666,0.78843842483975257,0.53997681032781641
0.14999057983777689,0.17121174514469337,0.56331327935810904,0.59713829157251597,0.32152764749219542
0.72510315597338548,0.36720893333692806,0.48304734035555363,0.97423500104645167,0.86209279134030603
0.17230000678119281,0.59712949224491885,0.18683514017060904,0.86588402922256558,0.7110387005220925
0.67064958540473851,0.8753690423141981,0.37544375080976322,0.40737330293693685,0.70572190380952304
0.3260188579556641,0.52301908640918038,0.73907158302084486,0.52786864845581072,0.76561271662958008
0.091331317596603123,0.93898475550010607,0.34719819747843905,0.17758908980823995,0.96049055694124197
0.94367321425044803,0.048962087591840203,0.39522531247452614,0.91516196024824559,0.02591301785318418
0.60668250973164606,0.59700572934250618,0.53378962852014167,0.4216297737746284,0.28982208240810803
0.48128950633512457,0.039873180257999005,0.93280462126439367,0.45845682326451015,0.54087772758154706
0.91351535495877367,0.37028286835141072,0.2515705606693644,0.47478820344545369,0.70851406179873044
0.41024294816554302,0.97440769767356061,0.76773827653837079,0.20692379395563246,0.73499520946396224
0.33720669246333479,0.11466550874361321,0.44126586302355342,0.78147482742590546,0.38037406648751304
0.85326456040456955,0.1423924914831263,0.65402629871099049,0.20028109015260978,0.12416948484406146
0.26831130973360812,0.75322025904062084,0.53123230054253656,0.16287296456925432,0.95149173932824849
0.82146608905902851,0.65319990754424306,0.46939522438865888,0.26736828490972014,0.26306516145895392
0.87682065984236768,0.9706573775833709,0.20671774264391393,0.05541898033468122,0.19677173694780647
0.34743318259154299,0.73366240629212109,0.52242618625832171,0.073729394564205922,0.72344861350394096
0.3032041491620639,0.39913760812313365,0.056841451930331105,0.25784025639032288,0.099014869241763184
0.87326016179039456,0.56901628759577139,0.45859440532557549,0.39742791063799904,0.25256799143963532
0.51774508096114702,0.92716504425895319,0.75996017239715141,0.2195394992687412,0.25093293257096705
0.5471008575153482,0.86927709533164965,0.65445709642326888,0.85950306001417398,0.74836794708625198
0.031155756666325585,0.15545083761430273,0.40299158264304902,0.58980049227313358,0.26336947701591595
0.057511984168742383,0.071641020076646744,0.90480026291057281,0.42787608281062928,0.21498103896808998
0.25844212687262086,0.6146789526123807,0.86267595487646653,0.79761657491110949,0.79640337300379471
0.2586598861520778,0.21346828281252803,0.28849796388619531,0.5609792510812367,0.072742474745362634
0.75554576557280417,0.94541999073289129,0.75774333434249808,0.23294759711303026,0.17384939382397777
0.65205896123558493,0.44725428203063505,0.37988293837118908,0.35341010651844307,0.5138075328703775
0.39365495292736408,0.3410079304109484,0.37889347179601623,0.5496515829562495,0.13740112941994276
0.97824498964264228,0.46022318696826453,0.19662692906584048,0.48342104689479615,0.13434796703318133
0.30655898159057526,0.24736811032577288,0.74984524959566379,0.68421925253244065,0.20190370162446705
0.74533866573824237,0.96548820161465909,0.12553440922947082,0.1831907012436626,0.5179085587766119
0.72223484603078913,0.075465847769143904,0.24679704984328027,0.27250085074479447,0.76298199187412352
0.90212394574473032,0.77791799991886768,0.89037445980266627,0.78602024319031361,0.13511835872936892
0.62355597514899541,0.65271891560977346,0.43768502520989816,0.92012920259250974,0.16389878070174668
0.14509653276983467,0.75599549772480457,0.79549225232626264,0.47719444340867029,0.92639225953464677
0.17101414297235873,0.96980737396521843,0.29892987982028701,0.43151390070103435,0.64039394828692819
0.41067496890822885,0.39296251586998698,0.078133164562163307,0.76039980286931441,0.6587531598005264
0.4722341451153857,0.081623806193858284,0.16741212627567459,0.55818125371610927,0.47687350328003031
0.12150855742393755,0.15959785947003016,0.94734527823102355,0.76535085162732175,0.083145342890287854
0.95416123542175413,0.3952368405071266,0.64689630098193662,0.041247380092934383,0.15524211184962239
0.77706025697658321,0.24535259755540734,0.42474304451075595,0.76583796821317096,0.076194576632889435
0.56786892560331914,0.61176985101927206,0.14478132661737741,0.32241765557663671,0.65215443897518643
0.93926938270520488,0.47961912793504879,0.44441009879966492,0.28756869774932348,0.076282554055355084
0.25022878561565864,0.48603326968248994,0.066992650934588518,0.06655160418022181,0.6815007053422466
0.36322952801038427,0.35926011898687499,0.45240663142109122,0.15076911530032663,0.3410705245280064
0.17485351829506887,0.2861396264610882,0.60281658736797328,0.78183970361636368,0.25844551643820152
0.31165501584446237,0.50467744211917764,0.13487689138860015,0.23888771161687006,0.10907850248053055
0.66863880276274612,0.61216002883097653,0.37807716634900435,0.60029194615842485,0.1071181075197865
0.594661046282146,0.78230146575128989,0.1838456673668338,0.71828063705481104,0.055883490499845784
0.73155657107038607,0.96296902196068035,0.18563244708333992,0.56624773165986142,0.55610190150124716
0.45712693200548371,0.81591355691410594,0.43459018030116026,0.5456295461155094,0.47239570628090638
0.84078842342117688,0.28035015164037891,0.8562401712229637,0.26564749805341425,0.86966740944161847
0.52495395647283838,0.50363372830543107,0.48756738144852901,0.093871101232216245,0.83663889583788309
0.43124963402165156,0.26443701052850044,0.30622254867366305,0.14978601156141411,0.82407701447035098
0.84282923352530181,0.21007623993128274,0.10538177077697711,0.7247465217669693,0.078353541276783401
0.33358202085915967,0.26705797976304285,0.94792202635737588,0.64921403189619586,0.074035382350813417
0.1212763974310596,0.57056262317582374,0.43039284158883773,0.52773506051769936,0.87136923047952597
0.63076404921326834,0.37673858000126836,0.7551266233821714,0.96983116732912733,0.41415032873685254
0.17464654402232468,0.61576175984601644,0.15717909554034454,0.32925368686908557,0.80243428020148933
0.13749428523291721,0.35761641943545974,0.41784050165056824,0.87932731730405023,0.94476039491230801
0.84499690812227835,0.77227048736616777,0.58078538336874796,0.75784248799726783,0.47509203472589051
0.49490654860737376,0.58286678524502211,0.058864048549725073,0.35727939006518883,0.90250056727500372
0.21060157125367931,0.49996118145217722,0.88638540409637123,0.31603831497184787,0.2598885614921505
0.83681387883310598,0.14507886127260794,0.27561362156493924,0.28666969376599982,0.68060342387817263
0.56686254229098432,0.78590039348619312,0.24657517888345773,0.80209875513224282,0.92468644352449392
0.64179706884501886,0.22688558578666906,0.93904435153072963,0.78998677961618979,0.87292337895581162
0.68590688395477117,0.71475910667693843,0.22838240985402558,0.021411398007539724,0.76604089370713346
0.50625249576514986,0.36658177120946317,0.53227765790877979,0.46230022975704332,0.97262777175141235
0.5719550285820606,0.82933378429230042,0.8989528480956871,0.085968694320969666,0.55707756772659167
0.23468149465771274,0.76476890990468394,0.87661624745799782,0.13106949934009773,0.12634943431701959
0.41264995386646358,0.25291365260202431,0.64512890427027025,0.86229259130422353,0.54662530284813993
0.64626973781952624,0.25695332556674627,0.73327047910518739,0.22960789680175631,0.45664622445185771
0.075261366351293088,0.78547622787964078,0.92672917072477612,0.97766141178330579,0.82792345026258085
0.34574830057420231,0.91833824374543938,0.70953395932435537,0.33266814787456933,0.22754055904524484
0.69529690117191434,0.71446228156508429,0.91413044577450664,0.18302867846180479,0.64604341051118908
0.76008072368543034,0.46772547178512075,0.85731116103516658,0.59067988830467155,0.34266659813302575
0.7632727040092131,0.93261729478600264,0.50445744138385984,0.643424949703298,0.023783421300029771
0.93612328395209166,0.71351215240053667,0.29808138532134221,0.59482264227002923,0.87617636094541196
0.038751690514735981,0.73985901330457449,0.72335077250436985,0.52974805599811159,0.30585002709446435
0.97020699934978594,0.05269863991081962,0.60890353964766986,0.3534006363471856,0.91462875793401899
0.20677086531663716,0.099945792257432803,0.27238664167455712,0.67350653700477003,0.64854604675362482
0.16598294458480839,0.027544299865198879,0.93336729020102904,0.23543117602201577,0.88958872379922971
0.0918505299385972,0.87155731896006328,0.27493824876609418,0.34851802599846127,0.73224111967797356
0.92021470562337848,0.36578791248301568,0.50360060121626804,0.44160912224216903,0.6620258849397902
0.97811988290943475,0.88940096019508219,0.55985885460414764,0.40743493599270092,0.62430791657381712
0.45817139854405481,0.341276285470273,0.27487334570752442,0.84767359057881309,0.85910335009147409
0.43902108813059731,0.63082674362367652,0.26009863683485146,0.17373699709946203,0.52420579624171892
0.33454390693535635,0.39690831115452907,0.10026637196247833,0.23297917938225932,0.57608050265712951
0.10866905969224704,0.39160122417571375,0.13411002243261358,0.22875902438026743,0.5979913554484203
0.77568841563829849,0.62320157006010501,0.31467607598414055,0.7213981491335526,0.66273172817402803
0.027118944691000627,0.20308054504984838,0.77979132993818479,0.91102826553056393,0.97566676200192359
0.40999275933148938,0.68598453427510397,0.040058608696189386,0.88990252432041261,0.06050572157109077
0.69878716188387047,0.29446084321792493,0.86748415187660755,0.32274394609452234,0.086768709184663215
0.15491875986155879,0.45866559056669898,0.51073352263469951,0.057332559394221785,0.1489322745916308
0.066526809483346092,0.92263279184445757,0.2549990198580554,0.10802431992737968,0.94872601753619068
0.38065776354700204,0.96903024812282512,0.93505585920538614,0.77093201873562112,0.50239661200940888
0.24216103384527876,0.42694348442335234,0.75649985167038158,0.75858700478115393,0.15975689173717286
0.10513927273363451,0.21277053276854058,0.69041384235492431,0.028173177614708285,0.46521154673937021
0.25917802619590963,0.41593252374282891,0.075869910278987054,0.97613043510448605,0.10525149098831697
0.59822696716485591,0.81184426375893226,0.90867342184378064,0.91457369016661105,0.74222954491968085
0.91772316008265176,0.60717865796186676,0.72953315749719272,0.45366425562216695,0.11335933146335546
0.39058256486743431,0.67952210988146955,0.23221346325969333,0.17795305372031597,0.12479612962130585
0.46440265961434091,0.95849380425084263,0.8923208610213097,0.51528063010161107,0.075811648596585748
0.17506784336413672,0.96131999797426981,0.97328213860195678,0.48287664342703551,0.91039319431347621
0.46137661452537149,0.9618528315421222,0.65461205103422471,0.13045637378704658,0.86481454689508486
0.9690514984232026,0.79177898171311223,0.40693438425769285,0.67829573334476279,0.84136824396647125
0.4637777289206288,0.67873565139700309,0.89491991761240719,0.66751615240351048,0.57841880429385506
0.3039119255851358,0.23954811315307079,0.58906135284786432,0.36974141990070353,0.62396497915530469
0.096069585014717199,0.66102526953199303,0.17559690056061519,0.37406901541253545,0.41129681704846105
0.16699535503777496,0.64054850217515369,0.12873411172995575,0.68027424290926364,0.80570492717468634
0.28664128116193766,0.70471260468104102,0.50980349756409982,0.33692955389127088,0.46284155492929335
0.58355748355477344,0.55803840010750472,0.36660706812588006,0.42989048604584434,0.40727553249981568
0.92860073540557853,0.4118205709289583,0.39915087149785261,0.56557142760246593,0.14716384438272981
0.73430024253604675,0.13212044761192296,0.95517500749478035,0.5316427331227328,0.33003827491730059
0.72107232509395325,0.4493321561011423,0.24801798826331092,0.12070248288694614,0.46507805484870252
0.48466353577151461,0.22139146892970279,0.92522487935308306,0.064542215469412051,0.82057993273148921
0.41584236570449418,0.66723203760015271,0.88615694735195627,0.086510486384527394,0.68555139298199708
0.2240105604384581,0.51393763491931899,0.18789948869912701,0.57485492353874834,0.13412024923869245
0.36080419178937118,0.29639622564289414,0.95100563349765077,0.023587200157203583,0.92256302645539623
0.30146665803254646,0.84526794407615935,0.6771784313277992,0.47354096121654426,0.42638905615399425
0.6858092167732861,0.34761563282593183,0.10382479343049415,0.47671648765071639,0.73206133262386852
0.15824977490854913,0.34630660952640296,0.59679381840240864,0.91675260402818415,0.89338833152346131
0.39410660700745215,0.93159113331004828,0.93958017028416618,0.31191569194334262,0.89100601368424281
0.79641196451770557,0.13409040603352246,0.87736415406690205,0.48948860261524452,0.44109961514392931
0.63089264672112577,0.58442687206101462,0.39432899510243746,0.556186231560586,0.81148789121633158
0.72243209558541976,0.49092756796883674,0.10306256653540846,0.27174389263305426,0.76550648470096361
0.064250917938269966,0.3357114657776098,0.53065030517261347,0.047545745530700359,0.17339536582239704
0.79628651279352902,0.6249730860406022,0.23515127622469467,0.56910998510702004,0.39496519910731986
0.94060105188677123,0.82877103571960742,0.80705437562982807,0.071881955622211252,0.27669309048250529
0.25979761351247077,0.42368987410438413,0.27215809923248907,0.5406470150049264,0.80191244562433728
0.83608447876514191,0.84531537561759451,0.48999658336949597,0.13547916414776043,0.045760865372618933
0.39418709393166412,0.54879367690480729,0.15547399213810598,0.12540846862251329,0.24308743466371036
0.36319568081294784,0.71945845937226105,0.68251223169428565,0.26697196021636321,0.28285687167147516
0.65863930049081898,0.43158715203665576,0.85083731907119886,0.50572737127009326,0.86786951786613808
0.16529562425852715,0.41443544664840909,0.78291769749072804,0.62694453949833462,0.33188440224006882
0.32330550908167116,0.87232326466637011,0.38264599006306532,0.85737018767671835,0.75672237149698274
0.13459810761226901,0.37050291006523906,0.23761953230329466,0.38431220621214252,0.60837833600811331
0.9566195347219556,0.40322953152013907,0.3089824784243923,0.078888518777951222,0.59395415137950658
0.42153325103149958,0.10164861675460223,0.25095863553420272,0.4006493844490312,0.23743526317512528
0.059607292712247212,0.36341985763851337,0.78737419159021504,0.38701710257319627,0.80222737313974157
0.32934628488618112,0.46524649571084575,0.51405397831002242,0.025197312999196874,0.27150478911161691
0.70480154697317465,0.064604343689086213,0.15826241156750506,0.67204264394907687,0.57202620746028698
0.82086454124517705,0.12853061953337858,0.1361817381977741,0.81811686100961789,0.055971383522960674
0.44434414009178907,0.041475689913776537,0.78167526551724453,0.48921978725206389,0.88365025574598111
0.68490178051820416,0.74212260946816266,0.37944919476057848,0.44154267655295543,0.77928306868457009
0.97631184220993006,0.21774790890043444,0.77978056054192191,0.32907932442148968,0.10656573087381715
0.9388401517723336,0.27343968308780209,0.54244687007959902,0.41528960690526473,0.48555262777957625
0.90428047475930629,0.062953028554058474,0.48843602943922199,0.86698159827108745,0.30436302452979885
0.87716480364746519,0.83922207036816743,0.10336680601057452,0.26347087437492966,0.85354392515125099
0.099492075978223612,0.31801406246980879,0.83488047923324116,0.86561897286364586,0.38580368503616608
0.17262366472354126,0.71006382218009179,0.21760657012782564,0.25813381590447587,0.49299953733941909
0.35709110415891343,0.82585295283204241,0.58987712624254551,0.35637863696700967,0.96386833400984606
0.37143907254072633,0.46135537930945153,0.13532324219614902,0.81152625636364872,0.29859910943348383
0.4569691382813531,0.80323825052371522,0.24362080439237319,0.4592566241689387,0.48682004986100608
0.95349544430290589,0.77397473319447541,0.96460310908274272,0.78861102331242794,0.60390635855512687
0.66066442286827687,0.50508274080786231,0.060219548660910505,0.60436290717335506,0.037830138713429058
0.44462739097375886,0.88107722391444476,0.45441590935948445,0.21317099634461298,0.93805642100977771
0.50743387031580633,0.36550800718269449,0.13435105447619214,0.85016961159518711,0.79735831093162957
0.082150990803764007,0.71687999564407989,0.67795028191680984,0.82901058254726467,0.8340928986341698
0.42850577934782197,0.71309907510053239,0.65166352575437669,0.70388961968705754,0.29184864796014054
0.42656023190827613,0.76887963363261969,0.66332490657463705,0.1507565186808246,0.05979659883426848
0.41558754892207889,0.21881498318325329,0.90741659914950901,0.9760757116939166,0.76399206274646259
0.440561034428122,0.072532880892655985,0.46868332484310365,0.36728750726260712,0.65396656859394842
0.44449412751660355,0.57168681570559221,0.22077455971689217,0.88066791510158271,0.83559742080897137
0.29188092599399995,0.62156416099003942,0.63940874185503194,0.73856029506427479,0.22230985218420782
0.45658281139244333,0.16103217532557534,0.49644663741492051,0.34128901001448492,0.18890831855957424
0.56294511986290818,0.47798425877202672,0.63541546724957298,0.39225817302166333,0.13784308011420957
0.4122178869739852,0.41105419398346466,0.75025112509845826,0.056000987311981804,0.28313189580909542
0.25952450242179437,0.78586071634198873,0.10895226688287533,0.61095651542640683,0.73973915752777697
0.27755050276996246,0.12754298816074264,0.957954353893122,0.65060570061052936,0.34917350104544037
0.71212011717958301,0.93073339923516474,0.78606530952788845,0.24868760987600369,0.36114184382344205
0.12748946668581343,0.30652461492911781,0.10298859100823755,0.036158780807442351,0.80618272837431304
0.49920461367618679,0.71186223012208172,0.022056262900666292,0.26078967037770928,0.92375459909886615
0.14501363805482245,0.3241094952314858,0.86202518059862532,0.76033368702361748,0.68776940318963486
0.02325750075167516,0.022670098516865345,0.91902250022955267,0.74964876767610455,0.3214170080836164
0.24583689126722655,0.64298152418413601,0.66158336548949692,0.70549947392246604,0.35843006683827022
0.10970672143877,0.17930138497590789,0.44821468197146103,0.80135102226989763,0.5762897308168945
0.93115302898555574,0.5341277720088109,0.88408094671020654,0.7991307797320325,0.17701062313953125
0.86690548455844818,0.073060067056442995,0.34153498514795971,0.78816487004413027,0.37230593794890204
0.88996899506774318,0.13331023767810507,0.42107640435880667,0.058391900283271778,0.80100597732100487
0.15751135581185793,0.62481697138814007,0.25181484749259103,0.1200949951236122,0.64067580840037119
0.049040491535581085,0.49074419037223704,0.65861526672338788,0.91490494672504508,0.57080363088780606
0.57207829492358941,0.57176217426118781,0.886235910273804,0.74377380265049819,0.88394823814898182
0.39978268210061124,0.75118017304047313,0.49024370737119299,0.42016730789531836,0.43404051256521958
0.05025217751949132,0.96933493641359569,0.64618724270568706,0.05577099473029111,0.39722690259157678
0.70767176906163032,0.88024430557158628,0.080687628586044113,0.64790758723339048,0.79328332327503037
0.043758947182123004,0.53864501595562331,0.40218442139160243,0.096693390813806096,0.75981451623210305
0.75507153094100854,0.36888741175923478,0.12616801635920655,0.24532745168631073,0.36688562454601575
0.68361519855125552,0.96506548710644058,0.40664350505736374,0.79351293400174516,0.68128582192102571
0.35495830337132095,0.39551352671835277,0.35229227709682098,0.74921766341870544,0.14124528442473483
0.051690338438889219,0.69883257793573206,0.96789964823304431,0.68857246975125619,0.97887611075298919
0.2792608910114,0.058372993573672996,0.416170614640128,0.56096104733611751,0.83082635860567888
0.092255157883594952,0.09417172051389823,0.76680271790800925,0.88307932867457195,0.82348199655552989
0.86022965524875106,0.36010814389394424,0.77849779430779875,0.91653080478951887,0.20371933034907036
0.68011407841972205,0.058027474366174198,0.24088683641803793,0.52248319958169231,0.10979968997513584
0.71670041961324893,0.64771764377112284,0.61690183094900441,0.13261298013987527,0.70932566302164934
0.90896090384726014,0.46580651316600702,0.94190590601594337,0.51910357832856269,0.25386408057707344
0.35185028987853612,0.63514678290733906,0.024311934446613285,0.27383998525680409,0.26353617849457639
0.43349059488820851,0.64095197739948906,0.34998628178056962,0.63928456275731982,0.12626568789803294
0.37985446965450076,0.90334169174887169,0.51022525090359039,0.10407995698609035,0.38071722162952715
0.086836139741025276,0.12041094020149995,0.27632907176791449,0.64586135648376652,0.66509734432924905
0.8386536484568855,0.82105306235488762,0.92225903711317192,0.89481935886063591,0.069343365966191714
0.12851571970536396,0.74529831556490767,0.90266972039617144,0.2268325623467147,0.33380326654499909
0.037966185933516881,0.35829981121768478,0.32310261797686446,0.65407729698947648,0.82394505994292155
0.59600989518947478,0.36155438801019535,0.21868351992462304,0.69322385100045436,0.2807792339390876
0.084076785961105224,0.73021224130977547,0.63429294221881649,0.40055174113334352,0.16334911963197668
0.35975614894316754,0.31885141480860468,0.85622223537697062,0.54112039352004804,0.66301929262962778
0.76128148772898097,0.9028108087185639,0.39001721210988838,0.17557708330856164,0.89196487388764645
0.3144135624695375,0.18696299005913269,0.25607972259337602,0.052875036920577476,0.02064533574322212
0.97703549462373918,0.85074934005464109,0.84914861290518384,0.90547224129765269,0.51758257335259927
0.97940320192030994,0.067140396708578257,0.2065255797419496,0.77191037453617706,0.76404061716964
0.49625922661430705,0.11629353807185812,0.14449499234438914,0.35065275781802169,0.76043113969674725
0.35702517582851773,0.73720889887539076,0.66258677482578954,0.1624029904830265,0.8077722317624253
0.16036253187177221,0.33122435764185554,0.44778751871688816,0.78522538419334864,0.57392176650550242
0.81037431096325485,0.70039271460990127,0.42642283741437348,0.18627619797090902,0.34210219323088498
0.4719332291767579,0.13370580631794363,0.58751711244236704,0.74228732442255041,0.64539255197929279
0.88136355484614459,0.1575968374098759,0.66441883438248883,0.28938798148664591,0.3966980894295199
0.69444632791467231,0.109987713024286,0.093024060658134899,0.87115573129916146,0.93054664181540214
0.35967973587245361,0.11328916153246958,0.10109276114771557,0.77668844563312467,0.2663238463218961
0.60601374469565816,0.64286990605681982,0.11261881699708497,0.52906658673930063,0.77635885112622183
0.83754508052198451,0.67497777923236046,0.093363415860032606,0.3234708762751014,0.76648268369569394
0.6058362654674736,0.18239362816032098,0.6891974817132156,0.36947589481339832,0.82707400736885184
0.29396869706243062,0.71678138667410773,0.68722855942177652,0.60502186483086595,0.7130818795398518
0.91647005671573833,0.6464497425992638,0.79251868679948789,0.64587450171654237,0.13906092548064702
0.063167389402225133,0.54699093819805844,0.21403528218083265,0.14504870329541425,0.087500793232847304
0.32675609370078085,0.31988189772143988,0.64071220545784302,0.91211146239409679,0.89342016328766205
0.69015357244948938,0.57386407633733438,0.68454056847318412,0.11635374803961326,0.26466792921689164
0.30416014094152866,0.022423934400666673,0.1758244284310618,0.022513899261605418,0.59136679502544387
0.37365355537182043,0.12527705003557527,0.035334399383404429,0.80375001762529341,0.22192903937843833
0.7417940416350568,0.62572113464207191,0.70659932884313281,0.21043279022874142,0.3908967028721414
0.33635848978411653,0.43423451952619746,0.48343027446179504,0.67419913674042653,0.068015865419821783
0.27614727499010061,0.63028134570739025,0.42156280118334732,0.92203253866182155,0.029627971028182924
0.84613524539181428,0.53035925402953632,0.89385651240669162,0.97702502089264698,0.92395603850680808
0.81840674357305954,0.86278986565577287,0.26141706442477347,0.25189806106475876,0.1794208815711931
0.70855246504125602,0.23164415346554479,0.96253096135485949,0.97108226810250331,0.8763254793122851
0.9072937217530036,0.45008925720840715,0.035713186392513807,0.6825889894671282,0.94420568815835537
0.66126002134577011,0.34952879797496961,0.67833853874832239,0.26730503258588101,0.96582512087004202
0.94873744205268395,0.45836423092191092,0.74264965563109619,0.29127384457117639,0.73632723473777473
0.74322664057166832,0.21287469979905002,0.17618880590803365,0.30921475982224667,0.4998640594508183
0.8445409107395363,0.03918762908316701,0.69124554428766916,0.85674997699856181,0.75563439522896769
0.33612570998564645,0.93656712178934709,0.61802080870859022,0.81979054860281031,0.69867227616978422
0.82819745215883078,0.7280163287952377,0.28688563092237873,0.63168883087996874,0.36453641836788853
0.055595007974176699,0.35393073448246992,0.11322214328100355,0.73946166894007082,0.85769174507084822
0.47516326947882809,0.61826434571194455,0.31430458714805348,0.21319178729170057,0.48910698797673924
0.46660178905214578,0.66177178635000167,0.33157549105560952,0.52111747444945822,0.067286230500596636
0.10429280806728254,0.5015181191353385,0.13520301303574175,0.079297442378046298,0.05961306731877436
0.065286013713766661,0.096010640256010082,0.30417884946438195,0.49835084046857281,0.55686556551744704
0.19552123116859785,0.87878192096963414,0.078082205423428835,0.82961235282833723,0.70609973036723006
0.9234002770348253,0.6684841703661214,0.78089528751614234,0.020226539173088618,0.68189037483283832
0.15922721297449408,0.40802669101194888,0.44455432530443345,0.89488613389678617,0.54352258829887268
0.34079090047990596,0.70701410812715104,0.87303346151778449,0.93710264956096556,0.69532015711727457
0.35395037094434301,0.1614694429038307,0.42791084729808293,0.047100083272341636,0.36387660451204812
0.070290540240399477,0.83267297274628416,0.4253628208558215,0.77832483633609861,0.79880497028192321
0.72121584371142144,0.45495468454399723,0.3099329800242786,0.95018379159820787,0.17828482004582039
0.55572119974924294,0.37540518103728893,0.56804915611024864,0.44918471794227666,0.48737538693696902
0.28995375071870283,0.72889552262007073,0.69842577474030776,0.57404613404756399,0.35754321668846628
0.63718510200437506,0.88923495866020763,0.19041333706598651,0.2075677463833682,0.67266823240185547
0.27057100410263363,0.30844109739626574,0.16857377554527178,0.83984029334901955,0.68789160852045073
0.68669036632662728,0.65872402642499173,0.19758274179827312,0.1666252665464735,0.71655906897305743
0.20886680442253022,0.78355333576634589,0.10977465987475821,0.6534338507551859,0.48378734489002545
0.2049230896796102,0.75821679515415152,0.074975799010679467,0.78478623066500675,0.30949431799384125
0.32163217313254822,0.84324623721251135,0.97007052520075565,0.28471394344238365,0.58237221743861933
0.66774764388570573,0.8078201479153847,0.06590692760658079,0.22518018410749496,0.63555631790584965
0.91450924495655184,0.26110214816105443,0.7422360218465851,0.23978712330471344,0.091030584671792952
0.85258665171883152,0.96273370573527517,0.75689951252334631,0.44393177585610027,0.38151304613606823
0.28384346894700097,0.64929836875450242,0.13297572597928872,0.60828168352862455,0.44525787329235217
0.26624895249723596,0.21025104635534694,0.73244790722004804,0.68931864908967422,0.032798088964293974
0.44660970793049409,0.41485369026619201,0.71617574265484019,0.059433627430146352,0.6732211036186887
0.69000376050263357,0.82349123830751192,0.25807336357339034,0.52883567271000065,0.96975077619941841
0.4186616973168566,0.27840872636884001,0.50512431900743771,0.82545058956834871,0.034846707771830798
0.064002336739181626,0.6413646513037965,0.9412887551804181,0.17101305592061952,0.31252660897028028
0.76824898679515385,0.34548832134234247,0.84166383545889289,0.56466780479926593,0.66293331203103723
0.17570075133009577,0.34003131148880661,0.15501613579290843,0.79327721055025147,0.38064503564671215
0.81493485426127099,0.53336412368502639,0.40250096854903628,0.67085197065577706,0.58369250850394716
0.28105440242504898,0.69509261420450696,0.089354255965082674,0.71269063423842571,0.87822657239924851
0.35338056631961551,0.17335581397124952,0.33576322538356235,0.21536960347628278,0.069748672740288092
0.76296649894264246,0.88204384691249305,0.74109751892299436,0.64836694583301546,0.4244894994915453
0.20153763533029032,0.15590787717810492,0.8741598185310574,0.65574149757308076,0.31658916439599372
0.42836746536812653,0.58891538129648802,0.97690168825306178,0.37404972655005375,0.41034440447770704
0.9082722513441156,0.29698955380408015,0.57051946109930751,0.73490181203947436,0.12675905479477467
0.34555075893592435,0.67892515816146382,0.93293088310262529,0.49841714309470608,0.52954061382655959
0.2008777457881849,0.32665849389874513,0.11212295735662778,0.58065743016189275,0.308044207492084
0.8207120745355122,0.17435185814907331,0.70706520437389264,0.51875181118270741,0.83899278008894473
0.52218008716038722,0.779910525317698,0.37452396777164426,0.49705139711767576,0.23503961899734388
0.72849881156963425,0.66775914502322309,0.85247133099523809,0.037655423404706387,0.51520335351656699
0.57091805636216908,0.49023271423536158,0.1399723503674182,0.087007335186670254,0.4446137553832139
0.48585180674824519,0.73113170549370154,0.58235805808122887,0.37438289177330086,0.39351395691446073
0.85787298800606127,0.42403779125805907,0.3101277541697644,0.35637680430585744,0.24493492607957956
0.5684072765613214,0.57125207881447482,0.21868623996151784,0.68258454645219035,0.16215335593298685
0.58741185664687035,0.59317478397015733,0.28199847020013064,0.3004331206480883,0.92066883656436838
0.22457221532841465,0.82501094474941061,0.85885145518888839,0.79944575476483604,0.3612472116233727
0.42837547063734066,0.44263624114704359,0.5555199386462375,0.88063247241251308,0.61826294605901189
0.84737610133038699,0.38354574954343118,0.37669273047826463,0.29228186456039829,0.71925553445653989
0.67182374090850372,0.47922210134510634,0.17220524238115756,0.93503887036493727,0.15424092220104055
0.72749320395651229,0.59218464003921989,0.067567438405703367,0.025165456993378469,0.46418868435791039
0.9416465570600705,0.831622425251061,0.62375126038160489,0.3467934783744398,0.78222374810386519
0.88405998843806632,0.41301566095402636,0.096568653560878098,0.95565822077927587,0.12862285343697868
0.24364945622933176,0.14812697623871768,0.36878919764490081,0.70832341774872032,0.78771094144463516
0.72668128456457926,0.48867108509989199,0.17897369929296866,0.83899791754675079,0.75946629210104399
0.26652708300540257,0.27496307355759358,0.70985466762005578,0.64250392989379301,0.38262307585144834
0.54715333009225731,0.28231454702503916,0.1057714709898698,0.59206583771484067,0.28416891386812226
0.92591169588210021,0.50917516855926692,0.62179713517581781,0.80026071603040039,0.36912620433961096
0.80229241170007703,0.032262904540417525,0.67619275433508941,0.51094484639712612,0.84048923677868637
0.86891458118156029,0.4777933657693097,0.80481331413348378,0.76033058881705584,0.67138563812264818
0.65936893977121291,0.86689664368534036,0.34445589508937308,0.38597960811439802,0.77764265561087709
0.72639761842538042,0.35932066738385315,0.86025056832201152,0.95647977058881772,0.30842927515499469
0.4383849183585935,0.75157091867956394,0.12910095930199145,0.35933414244370931,0.097730002423668555
0.14596665374499948,0.41630862409252184,0.42516312042304077,0.57709930844249158,0.22020076222400811
0.24943450847366944,0.4270613444040855,0.11217762928941333,0.89840929631832644,0.54669784153666845
0.68617400981220344,0.37363093488776922,0.84711758149024741,0.23583470070985621,0.073207653433493794
0.55847713720943315,0.77621730723683657,0.23027049807947045,0.80907920653769061,0.54631729130566087
0.0628637224538732,0.72346177817012858,0.79430666955342621,0.76385744978915282,0.76201366512351787
0.77985944277323815,0.46557653026067536,0.7557487087996323,0.95433949667940887,0.077914162794687949
0.55778112520528389,0.3066366139139769,0.41503564314892016,0.51288331886283844,0.76464431991460835
0.43213618209208599,0.39721430670087637,0.78088478255786087,0.6664537931188963,0.34045210344992904
0.80491417447160618,0.17428578401692429,0.79569433235046494,0.81151850544537574,0.51340431327568603
0.89624672536016259,0.78730786218088655,0.76301261772673823,0.19175796479898635,0.10860753098569767
0.65174892006005747,0.75043621344282008,0.84442052916681754,0.34622125415516708,0.75288756841880056
0.56163446614690093,0.86737038704628611,0.47664106371130815,0.32654031434340947,0.28131323217527199
0.56353883513100722,0.58156304215851296,0.93149449840748866,0.8680042671717908,0.49197678832742264
0.82768247147214524,0.71900818166846414,0.68356031787630123,0.72650391658067492,0.35629371306858959
0.6842866938862866,0.23628718752817879,0.35124206779444345,0.14994745407616258,0.24417612473563635
0.41851911935116515,0.83788519843896214,0.86636600188142798,0.57209725459487348,0.46305095722213863
0.58213204920607309,0.63445356848453471,0.60649347189179093,0.86492918902214544,0.74621045558308263
0.91974372754493749,0.083106285314870437,0.38806996961393925,0.26849281297533112,0.40094620663715952
0.79487122226663776,0.12084082137246394,0.48121918145146614,0.30604403910918282,0.85181723819577626
0.24088084031470461,0.8790510167006178,0.58640996520430144,0.50516536854587768,0.32515509141254323
0.91694103644713965,0.89914820475648305,0.90819572323010944,0.12141502347975142,0.31306820105466476
0.63561313161517685,0.77288655309305443,0.4516235070455985,0.69910741212461347,0.34350429944807326
0.48365427771537772,0.68818462146730031,0.82561951113666154,0.18237395548609842,0.38367560935579703
0.75610535473987828,0.3701365924031913,0.84430874367724706,0.57922059386070723,0.24948870246791921
0.71965123770184869,0.89976827841392959,0.40882888235082177,0.47877143591078691,0.60008110671277537
0.072464657418518638,0.087787447583755701,0.43172889009665327,0.78318658027900512,0.57716544954228655
0.56664469316443855,0.60910789848885905,0.046834507118325666,0.38503894363250624,0.13759693505582277
0.52043575760061633,0.25483262011872981,0.72625219832065968,0.31344414455418695,0.46632987332513898
0.040857141751072024,0.85474999793283291,0.35474458360851446,0.044796106025732418,0.7074307467378772
0.69592849995224237,0.40289528312128747,0.87505464710989989,0.16374917155662511,0.28013986245897549
0.12687546161922722,0.86732663046569436,0.28192701914946727,0.8600445501259486,0.021234174723030214
0.16379388421244806,0.69485723188524184,0.07091151807449457,0.2970605524721478,0.87265761159240995
0.38019282376456598,0.24757624317914831,0.82704334182564754,0.65083335142406151,0.80836529630624443
0.45309084446544629,0.48833397652183175,0.24783399663392197,0.62601420895260529,0.18651084364601014
0.36655791176191427,0.28835245668270348,0.5942663511998264,0.16232706892738166,0.71533669674562617
0.36667300812012898,0.70849298654724524,0.41158356152438369,0.87672320920878599,0.089891605058386087
0.75945868021218998,0.89538611607963536,0.6733610422933205,0.24309641143595567,0.88494026348234367
0.14304816279959048,0.87828632997822875,0.40923659196431289,0.97131210663881862,0.36108682949063842
0.051181557308274818,0.94498226748287395,0.74170859949581514,0.63400623629421204,0.91723763224399302
0.26273605430417096,0.049078927081676368,0.45972628002355626,0.38096200303637134,0.2220458766776959
0.10254244752038864,0.208850265779395,0.65347863964331654,0.34469638098902017,0.58918566715172116
0.77449582077868473,0.33920163810787368,0.44765666201227111,0.516981556169962,0.10161294574201148
0.79907113700968246,0.20867724479269165,0.28357884210501694,0.57969520855703394,0.40609242098951137
0.14898867723394074,0.11996515337013534,0.070086545866163807,0.78819558028081382,0.28188970010422237
0.645365018991372,0.32518441537758352,0.81657622537910324,0.059008091225111275,0.76540390824595861
0.82852506587209129,0.051457119982792315,0.11852102994121548,0.88164972745582537,0.25584765417220806
0.87893203080019944,0.031420200784031529,0.94783356024055543,0.13291365293738722,0.29098568046003359
0.7301391874841926,0.42536271614048587,0.63354070977636912,0.83020510432069072,0.84274272668109107
0.19850210807532279,0.85844987066948375,0.58970825893909296,0.83836966523808842,0.55824466074462875
0.48950746131049455,0.4153960257851409,0.23304224043903032,0.71773483719158337,0.35778609331503325
0.054078646883960496,0.36309892158015106,0.30816850298590132,0.85716796927692906,0.7851585614534301
0.39097599257376187,0.68446038710494728,0.62517159717732484,0.58230176724631388,0.96877149112292416
0.4001034915181228,0.65076129267614646,0.45078114808524561,0.60016860636005642,0.1128597839689877
0.68214203770976378,0.42407232672214024,0.75559893179630222,0.54479197493269294,0.75553997467937006
0.18247336020289842,0.77230749592631986,0.79902787284912391,0.71231583665276976,0.97431850094215089
0.18580361091376588,0.4342970874506436,0.95512523061723686,0.20239647747323716,0.61873498527218229
0.19402167176010285,0.90982381643863053,0.56390615569704972,0.3115170643680486,0.033447297165218541
0.76435135786932074,0.46467981169784256,0.23044914426107613,0.23636814231919112,0.083087155160466178
0.46162143878269807,0.67077253250503543,0.42741135035741168,0.67246724651976986,0.84550843760931471
0.1140703778307547,0.7714338315986129,0.17288635351674259,0.76807146974063223,0.30124426149039096
0.6065003344132337,0.33318138925197865,0.24406220862359634,0.94454904233973824,0.48215262409012505
0.72993251865411413,0.42418439473707098,0.54830927850432087,0.83988540583205851,0.086321156707762803
0.64078721416114537,0.86709749673713288,0.68061212222744871,0.62926521580463324,0.53831609332508312
0.53531105848496041,0.79436004449010833,0.061250982314461133,0.35435910493995715,0.51024038743138989
0.819297974529826,0.85039492766557179,0.50067307237419612,0.55876100370111126,0.5553517597153329
0.83678549955013037,0.34990204142615472,0.46360302695043054,0.20166596780095866,0.67509268843795522
0.61804456192272561,0.34572371793573614,0.78338108501704806,0.79988444012724658,0.085503941227670313
0.2710611923898627,0.064392973659090053,0.83494167811895459,0.61833470872292184,0.88423952401608974
0.59126026341663196,0.68727364092148835,0.081530080295210958,0.48547976183597052,0.19726394019216917
0.56444133741104674,0.57923825443570154,0.38743940314380526,0.44512975355665652,0.5228410811714842
0.068802994449402841,0.72900348592201103,0.09050250809411868,0.42841242056766632,0.32523977260207998
0.3824754068539668,0.85625819728851171,0.23756477339559021,0.25131335470058103,0.81119076717722804
0.47706654712870455,0.29831079805955152,0.089542410686537469,0.26614557411818168,0.79925927302861788
0.60526243853505413,0.91766341056841028,0.47756894480527512,0.66144772422870657,0.23997075718451116
0.74365252272668414,0.9389480898319883,0.087240781363356321,0.76838474139935986,0.63685612578616502
0.50619585378756293,0.23956465338266314,0.42682981942458076,0.95819131229544485,0.035912863590411348
0.27417086268189528,0.082281554295203063,0.24781938283862648,0.26766980090446407,0.046650566364623419
0.4087507107967342,0.96527960740274732,0.41571843539287429,0.4632685616094005,0.92143768844236784
0.29645460767438903,0.27127032276993218,0.74147532036498942,0.24553499121667399,0.9694645872912897
0.47234063212723681,0.64905496623017567,0.70226521188569768,0.80755051038689463,0.64300524024934014
0.76158370012298526,0.94734731079092205,0.42162697996789861,0.14146392680434278,0.69463875953157628
0.39673294063355902,0.23302601898234396,0.40235657337559566,0.023595963491599221,0.57895049315931801
0.87536488545477387,0.022723778527270078,0.58259549734459759,0.14889088555183888,0.22113362060812489
0.2070491942197811,0.42430359610623325,0.24568737770798593,0.74412753609877003,0.51039982998381705
0.90302981291196183,0.85545309469070441,0.1990649312243804,0.34841794041141733,0.5348999302605858
0.68917592431894081,0.60481616382540848,0.47679948153412677,0.26774115135551307,0.92958186117310426
0.56975607316133825,0.69950184954831773,0.30505328266037079,0.38655410357435382,0.64060425797929255
0.50447115104385387,0.17454566574846728,0.60784636798773606,0.66569202058246535,0.7505262064701298
0.97925276537298944,0.28017386759506258,0.82667529069845835,0.64806310350365959,0.95739937460364366
0.57454499514611945,0.85148996690723,0.17168283336513976,0.49070749466890523,0.90433421709719941
0.62274294245565542,0.44632352312810653,0.18727690494346244,0.49798384253843186,0.39845328357299542
0.49414767737627846,0.13117697089295544,0.21653483394863321,0.13503185120553551,0.52186484205805117
0.50854480690809201,0.38848882138455471,0.028177936692695658,0.027030712972596016,0.50296502303926061
0.72555150095280507,0.77082073500710513,0.47519341893228345,0.25774104581264778,0.46443023777132486
0.75328606869511983,0.95226865149059559,0.2056380722508549,0.85279664432519353,0.8661808516068491
0.86912505272884399,0.69588381102619179,0.31177413302504464,0.25676248615656039,0.10507736985490347
0.49381896100736378,0.79932561373687927,0.65841206231835414,0.33394188724475277,0.50144284777634751
0.73547520641165776,0.41031201690521185,0.33176382284154454,0.79060717211748965,0.92852769369473231
0.340579846393325,0.93527678002563341,0.22658819907103242,0.29301420541512457,0.3086848726135949
0.041429338469499408,0.11341983492962622,0.84016529447627564,0.66811277510593292,0.90508990823897417
0.74314813454761453,0.39167616269037003,0.2624197871642871,0.30980880607872074,0.59573438009720414
0.70541806365116666,0.26035335094231021,0.49625125324171626,0.19156411369769746,0.71521622873858126
0.79126477328419476,0.67697113113507867,0.65326154367334066,0.34515939463260714,0.15474236102507485
0.037583305204980488,0.77596718150560651,0.1122002012977822,0.53875626074504612,0.49691901470223926
0.49710763156434778,0.6682039504399947,0.44005601248486875,0.60864239271089438,0.59342047382723662
0.77271778708423788,0.17624129407826902,0.18511897200358457,0.26781826112328749,0.53520273409710351
0.81938300990453794,0.10509464777533992,0.10759138605969192,0.078523360181954757,0.29348893844927876
0.94459414210753934,0.79388961921721646,0.20913255481630694,0.68308998463876691,0.87271945003745555
0.27747520140317444,0.50739117987491356,0.6367410624808435,0.02040238188857444,0.80205322324144013
0.92418795524537445,0.92021126258561403,0.12235520410251262,0.82701982166771149,0.55401472578942923
0.74096898518459553,0.31862725741338854,0.086914028081668773,0.23391421649811692,0.81476356112144488
0.74169891464830828,0.70890958398967929,0.4461125696894897,0.36035377914818989,0.25306210159136144
0.1672267915827475,0.57775709876051695,0.2223739817451672,0.53683053358112953,0.052319492825409958
0.32026222182350778,0.9342769143235069,0.54358810493438947,0.13298155003317622,0.16303942432553542
0.81712416208798311,0.16801053026254992,0.47569208775399702,0.74972079249112966,0.53555476686041747
0.4585421781762869,0.63493035353072891,0.56244456738054016,0.27945046779493965,0.96169275114838637
0.26929897438831923,0.10557485483422276,0.48623280415942127,0.95518304221259398,0.65860177265830544
0.4129651519067134,0.45677974997584003,0.89246435414454284,0.50458635433964216,0.11297541109633442
0.55661929794767018,0.34875581473570783,0.44410717489982465,0.85721988979691188,0.35258464074749879
0.72470137184458472,0.64238229513963496,0.43435419299683137,0.46147697290264988,0.77040932492997849
0.78865727822859655,0.2596555206657184,0.52735766499270209,0.72699508883573805,0.19822202927361288
0.82582203627506146,0.89711521179116238,0.49405786151383957,0.33809785755648403,0.97344146993427749
0.86756579744889573,0.73201841332171491,0.14822989096989317,0.54325491313936425,0.40163246715041145
0.76342409370550757,0.75828949874076779,0.28126850722308067,0.79077308644500854,0.43728116408080914
0.27890686807041798,0.58486865101900387,0.2955211201171517,0.056518911084148624,0.59490817528524831
0.48950814416879329,0.19659467971898148,0.8800694986774974,0.040618817536768506,0.64132556367880278
0.57118945723349068,0.94965473919665477,0.54932117085227539,0.7274601507486389,0.5780342745551631
0.071478680288365445,0.38998716972944392,0.59313406470927299,0.035708327988015792,0.5975498518498652
0.16917043693142783,0.51559151498391298,0.66457138599814169,0.59060777987570068,0.093626654324714731
0.6803073435780892,0.9079896159019224,0.19023108107207035,0.59107431431351143,0.3753836017336466
0.88296840855761094,0.19607036631219782,0.63894976220710098,0.55059136541552955,0.80703292451099007
0.51698214707119405,0.48232359853205231,0.5461254354209274,0.57132133455708878,0.4828357527127547
0.095387576655799972,0.10621994507729976,0.55970301853039917,0.50995680248766706,0.023123085228876621
0.69692921118504292,0.81355599723760375,0.53116352373911824,0.66194094411464222,0.64210192295280555
0.15955358327703253,0.91338171014900016,0.7308824790177898,0.84676017538171144,0.51715212036254476
0.17101736713931304,0.50591324376493074,0.91225677875060363,0.73039899067926373,0.93978498308611791
0.51413203391083828,0.37740384833643825,0.923965527334901,0.79106039677804185,0.56926549098959511
0.38342910492049309,0.52387511058753589,0.97436820467579544,0.28370555225318328,0.66733802133392972
0.47655977547420603,0.21684980296460293,0.72358145064219703,0.037864909015129303,0.64106972083798164
0.49826123933814592,0.25611391272927064,0.33725722009571885,0.1106747361668948,0.55468770757938168
0.134791402594021,0.72415252034757438,0.50571905374015858,0.6081708330099419,0.11010737006070201
0.57201788629173045,0.76056967687940991,0.45881087717078139,0.56764576007521184,0.52698447557685979
0.21628330391551531,0.45266925362573268,0.095237525742623397,0.32435060229292217,0.55723736387951761
0.56864690906827642,0.64147597379346888,0.47576275680218422,0.14207749820577828,0.89975702669120039
0.53906590107105534,0.89775184860011215,0.089808473053739096,0.96604276840589898,0.26851511535135608
0.83662033244209955,0.86597944970661334,0.30748706596779452,0.25063092450627872,0.33653518041852726
0.16456246849363057,0.53056641746620548,0.54520029947148219,0.84663536191881106,0.86992881739857353
0.20076053909256947,0.59545827567615273,0.92883037430709381,0.60440738464168131,0.400953188559589
0.037779381568083005,0.50129329656382815,0.67531211157642523,0.21963986326324444,0.84501840994790722
0.96108830135597756,0.82715578580918692,0.29128903247413002,0.5729614049235241,0.81329896274270042
0.57322679189796366,0.42248600020101895,0.35076357755706367,0.59804602918366434,0.12404522892020584
0.87749122932985557,0.45072474630989573,0.90851101793693723,0.27292264541487321,0.92393142829838415
0.87984618875649379,0.090932581801175874,0.22418137989078224,0.60614251324273838,0.57076389902345714
0.64647566114645039,0.3408238166346334,0.47532290076478784,0.87763957389511849,0.79300704348863615
0.20477398431537921,0.8133869488299228,0.97679030848031956,0.82736402344261606,0.22768086910662286
0.70191853691625494,0.82426700285465815,0.52239896754652271,0.041858148726881268,0.70770884231234055
0.92485712809214382,0.057358610194489679,0.33413568998170629,0.77061902660277082,0.074235251139315034
0.78524216067140307,0.30742764353845614,0.37018735099144995,0.4658172026432717,0.52626738830801822
0.89533479059355647,0.15859692388856617,0.47594339808138725,0.46838764192490978,0.53812906772511371
0.58151781804872482,0.63321141507094703,0.16180969322215377,0.60299944847793019,0.24011237674849922
0.75203785507541621,0.14205868706858826,0.58479312970545483,0.54106695721115883,0.30812102809588071
0.17636570807414761,0.27229357348476751,0.91104840113495511,0.31435362707331937,0.79037832693042509
0.26828307114476385,0.095576462316078484,0.61591962262349376,0.49161048899984339,0.25931771650636071
0.77312814962089604,0.69899277275642935,0.7405502199238041,0.62968115177424933,0.44446827382963883
0.85088242232800504,0.30693900147809894,0.77439832108189433,0.17687124676298019,0.024724088928259568
0.76358650989609178,0.83070479559349286,0.52082213004427869,0.20481470281565295,0.82462305789334633
0.30073546114457655,0.20940778989559947,0.3309928276251804,0.35412075032433327,0.053417740107501291
0.24189331359140639,0.77469092387155958,0.59297378523021538,0.3588430232464298,0.25481935023921737
0.70100115558067977,0.20597960308984559,0.76503807494529896,0.56581613725602453,0.25256095818655067
0.61706402311992059,0.84790890674584962,0.51817065340706825,0.52127636253589693,0.81817923902695766
0.08340858819524978,0.73218907718260307,0.42603699549982993,0.23601165397177659,0.12792352699652124
0.96736214367593232,0.24838959980605979,0.10913456167046111,0.77276605137050003,0.64281720329785319
0.74046104251947109,0.14140492399910243,0.11732035872506959,0.49203099292677926,0.28935580529289168
0.84804892522123565,0.30857361708455761,0.30987218872743044,0.10296241986703158,0.70716980377069849
0.83300657321181726,0.96527559212421132,0.45835312133106471,0.33078766926655584,0.77957386204849977
0.4262470892298435,0.19576558464263444,0.35561298408881087,0.13821902520292373,0.61705096931969705
0.52899118200363959,0.25881382856882146,0.14033456467158756,0.051856860971496457,0.55199974536216323
0.60876113656763764,0.61639528684428679,0.39667440524502584,0.22529349624450573,0.80278975107838491
0.27980574011254783,0.93895381878571849,0.32454902754976361,0.20713491719106997,0.22919586092936739
0.14641628140850399,0.74699649534103063,0.34454165506775647,0.0506515333828262,0.35452367569502397
0.49429585051248986,0.11023709885256729,0.18290541551124176,0.33638889803629718,0.48646148487789315
0.92715762493818665,0.45685720894611892,0.38253732280301189,0.69482920178739516,0.22829974834247685
0.81665253616942857,0.89722629897780459,0.82162916012757947,0.053930188303165386,0.55594305986779979
0.22601554595448362,0.32982347586486077,0.063794143614888235,0.12771650237712687,0.89633093117514706
0.89115716011322954,0.70246437022164099,0.97408639275984032,0.88744903871405256,0.42973269085137228
0.11899891010553051,0.25111299778805002,0.85137788686525506,0.096130457752546791,0.83343933673772819
0.15808131373747542,0.91471092426812872,0.95174101439254832,0.19998124462734035,0.91365393871062184
0.93169917248967582,0.76749845154146379,0.56632986093942816,0.31659622873844734,0.64477721502023455
0.49014331060929678,0.67203193928504668,0.30635657756056317,0.63478364067239512,0.40204624178569981
0.68038426243624184,0.71718511916085825,0.71200466623042302,0.21621551173604311,0.40782220823012294
0.55728222238119651,0.51861946057720842,0.26618416526242916,0.90885534697793235,0.48416711025669629
0.88014521716714633,0.74289093200927669,0.094878092581444487,0.040592281447735912,0.611675268494979
0.087960041497075356,0.89426092762876874,0.40044483850990586,0.54257986452047691,0.95616219614167519
0.31715035689828952,0.45018703519354203,0.44137919550710719,0.055583699365912592,0.49218023346830969
0.46898172007501715,0.11900752186233717,0.42523701452633245,0.49207232776324167,0.87888488355218686
0.20017155608040296,0.68934045697797386,0.1359522999443401,0.1970727586539516,0.10197889719989928
0.50791928829384381,0.46782161636442471,0.66945251393338467,0.69569286399524854,0.31487048147345109
0.12978949394079786,0.95277328160840935,0.44922499046667996,0.8821797347668866,0.8941952144626073
0.19392077555832926,0.74656155546557823,0.97679969140390688,0.80185541477805977,0.17682875351949431
0.85460613036007449,0.27817054924663298,0.06438720266843638,0.25944914432962957,0.3627720024278801
0.88242787235224751,0.33413753976806015,0.9476234960486033,0.57894550939179534,0.12287890335883372
0.94945545241492646,0.58902570284085376,0.20740009647549176,0.37368582681361195,0.5991371341594065
0.21348437876434348,0.61024225591872339,0.23197123897807251,0.88318828142212491,0.55536883635732937
0.95806227601546856,0.6929609734980442,0.84593042860693479,0.45702716532446935,0.58854667502146429
0.3314543866668459,0.96208736332461375,0.63436290398525697,0.57016487508836822,0.39097333043046162
